test#,filter_repeat,downsample_ratio,training_start_year,training_start_month,training_end_year,training_end_month,training month count,training days,testing_year,testing_month_first,testing_month_last,testing month count,features,penalty,fit_intercept,loss,shuffle,alpha,num_iter,true_pos,true_neg,false_pos,false_neg,precision,recall,f1-score,AUROC
0,False,10,2017,12,2017,12,1,all,2018,1,1,1,CUPLS,l1,False,squared_hinge,True,1e-05,50,1510,2732933,179913,436,0.008323090236629313,0.775950668036999,0.01646952320184982,0.8570926508969063
0,False,10,2017,12,2017,12,1,all,2018,1,1,1,CUPLS,l1,False,squared_hinge,True,1e-05,50,1385,2758415,154431,561,0.008888689223186322,0.7117163412127441,0.01755809383755277,0.8293495601271363
0,False,10,2017,12,2017,12,1,all,2018,1,1,1,CUPLS,l1,False,squared_hinge,True,1e-05,50,1322,2764936,147910,624,0.008858689825238554,0.6793422404933196,0.017489317228697298,0.8142818617688686
0,False,10,2017,12,2017,12,1,all,2018,1,1,1,CUPLS,l1,False,squared_hinge,True,1e-05,50,1555,2702203,210643,391,0.007328061527441352,0.7990750256937307,0.014522937836222357,0.8633799198948178
0,False,10,2017,12,2017,12,1,all,2018,1,1,1,CUPLS,l1,False,squared_hinge,True,1e-05,50,1396,2755829,157017,550,0.008812408072569802,0.7173689619732785,0.01741093421635206,0.831731974743604
