test#,filter_repeat,downsample_ratio,training_start_year,training_start_month,training_end_year,training_end_month,training month count,training days,testing_year,testing_month_first,testing_month_last,testing month count,features,penalty,fit_intercept,loss,shuffle,alpha,num_iter,true_pos,true_neg,false_pos,false_neg,precision,recall,f1-score,AUROC
0,False,100,2017,12,2017,12,1,all,2018,1,1,1,CUPLS,l1,False,squared_hinge,True,1e-05,50,1039,2845807,67039,907,0.015261905461382532,0.5339157245632066,0.0296755398149206,0.7554503881480583
0,False,100,2017,12,2017,12,1,all,2018,1,1,1,CUPLS,l1,False,squared_hinge,True,1e-05,50,885,2856647,56199,1061,0.01550346857262981,0.45477903391572455,0.029984753515161784,0.7177427659796093
0,False,100,2017,12,2017,12,1,all,2018,1,1,1,CUPLS,l1,False,squared_hinge,True,1e-05,50,937,2851810,61036,1009,0.01511948751875817,0.48150051387461457,0.029318356044368655,0.7302732183297049
0,False,100,2017,12,2017,12,1,all,2018,1,1,1,CUPLS,l1,False,squared_hinge,True,1e-05,50,884,2865119,47727,1062,0.018185184423278683,0.45426515930113054,0.0349704294163024,0.7189400765110241
0,False,100,2017,12,2017,12,1,all,2018,1,1,1,CUPLS,l1,False,squared_hinge,True,1e-05,50,925,2836300,76546,1021,0.011939951723870868,0.47533401849948614,0.023294760567636654,0.72452762597991
