test#,filter_repeat,downsample_ratio,training_start_year,training_start_month,training_end_year,training_end_month,training month count,training days,testing_year,testing_month_first,testing_month_last,testing month count,features,penalty,fit_intercept,loss,shuffle,alpha,num_iter,true_pos,true_neg,false_pos,false_neg,precision,recall,f1-score,AUROC
0,False,0.5,2017,12,2017,12,1,all,2018,1,1,1,CUPLS,l1,False,squared_hinge,True,1e-05,50,1822,2573820,339026,124,0.005345491245364503,0.9362795477903392,0.010630291078606977,0.9099447989462708
0,False,0.5,2017,12,2017,12,1,all,2018,1,1,1,CUPLS,l1,False,squared_hinge,True,1e-05,50,1871,2508348,404498,75,0.004604189788098994,0.961459403905447,0.009164493099690191,0.9112962337913444
0,False,0.5,2017,12,2017,12,1,all,2018,1,1,1,CUPLS,l1,False,squared_hinge,True,1e-05,50,1853,2531956,380890,93,0.004841368751355348,0.9522096608427544,0.009633756099082636,0.9107237563790145
0,False,0.5,2017,12,2017,12,1,all,2018,1,1,1,CUPLS,l1,False,squared_hinge,True,1e-05,50,1862,2478151,434695,84,0.004265193319543611,0.9568345323741008,0.008492530267751874,0.9038003794721331
0,False,0.5,2017,12,2017,12,1,all,2018,1,1,1,CUPLS,l1,False,squared_hinge,True,1e-05,50,1835,2543311,369535,111,0.004941163798906751,0.9429599177800617,0.00983081357348734,0.9080480095181794
