test#,filter_repeat,downsample_ratio,training_start_year,training_start_month,training_end_year,training_end_month,training month count,training days,testing_year,testing_month_first,testing_month_last,testing month count,features,penalty,fit_intercept,loss,shuffle,alpha,num_iter,true_pos,true_neg,false_pos,false_neg,precision,recall,f1-score,AUROC
0,False,2,2017,12,2017,12,1,all,2018,1,1,1,CUPLS,l1,False,squared_hinge,True,1e-05,50,1758,2657450,255396,188,0.006836370423948295,0.9033915724563206,0.013570050173678117,0.9078561874302836
0,False,2,2017,12,2017,12,1,all,2018,1,1,1,CUPLS,l1,False,squared_hinge,True,1e-05,50,1815,2558869,353977,131,0.005101295138732743,0.9326824254881809,0.010147090887744662,0.905579847398995
0,False,2,2017,12,2017,12,1,all,2018,1,1,1,CUPLS,l1,False,squared_hinge,True,1e-05,50,1723,2677150,235696,223,0.007257211933333053,0.8854059609455293,0.014396423871493326,0.9022449541988045
0,False,2,2017,12,2017,12,1,all,2018,1,1,1,CUPLS,l1,False,squared_hinge,True,1e-05,50,1631,2738000,174846,315,0.00924199754075602,0.8381294964028777,0.01828239632782769,0.8890518329975455
0,False,2,2017,12,2017,12,1,all,2018,1,1,1,CUPLS,l1,False,squared_hinge,True,1e-05,50,1835,2540675,372171,111,0.00490633840098822,0.9429599177800617,0.009761884495893092,0.9075955310829995
