test#,filter_repeat,downsample_ratio,training_start_year,training_start_month,training_end_year,training_end_month,training month count,training days,testing_year,testing_month_first,testing_month_last,testing month count,features,penalty,fit_intercept,loss,shuffle,alpha,num_iter,true_pos,true_neg,false_pos,false_neg,precision,recall,f1-score,AUROC
0,False,10,2017,12,2017,12,1,all,2018,1,1,1,CUPLS,l1,False,squared_hinge,True,1e-05,50,1342,2747305,165541,604,0.008041562052455912,0.6896197327852004,0.01589774268638682,0.8163941863326177
0,False,10,2017,12,2017,12,1,all,2018,1,1,1,CUPLS,l1,False,squared_hinge,True,1e-05,50,1347,2764640,148206,599,0.00900684038434535,0.6921891058581706,0.017782295592710183,0.8206544850367217
0,False,10,2017,12,2017,12,1,all,2018,1,1,1,CUPLS,l1,False,squared_hinge,True,1e-05,50,1316,2753638,159208,630,0.008198151055293913,0.6762589928057554,0.016199913830245584,0.8108008974999491
0,False,10,2017,12,2017,12,1,all,2018,1,1,1,CUPLS,l1,False,squared_hinge,True,1e-05,50,1406,2735427,177419,540,0.007862435341814623,0.7225077081192189,0.015555592434627234,0.8307992745864756
0,False,10,2017,12,2017,12,1,all,2018,1,1,1,CUPLS,l1,False,squared_hinge,True,1e-05,50,1408,2735817,177029,538,0.007890740149184306,0.723535457348407,0.015611227222077466,0.8313800940378375
