test#,filter_repeat,downsample_ratio,training_start_year,training_start_month,training_end_year,training_end_month,training month count,training days,testing_year,testing_month_first,testing_month_last,testing month count,features,penalty,fit_intercept,loss,shuffle,alpha,num_iter,true_pos,true_neg,false_pos,false_neg,precision,recall,f1-score,AUROC
0,False,50,2017,12,2017,12,1,all,2018,1,1,1,CUPLS,l1,False,squared_hinge,True,1e-05,50,961,2840375,72471,985,0.013086937574899227,0.4938335046248715,0.02549815596062512,0.7344768567601133
0,False,50,2017,12,2017,12,1,all,2018,1,1,1,CUPLS,l1,False,squared_hinge,True,1e-05,50,1018,2813356,99490,928,0.01012854698133482,0.5231243576567317,0.019872332949421204,0.7444843793154496
0,False,50,2017,12,2017,12,1,all,2018,1,1,1,CUPLS,l1,False,squared_hinge,True,1e-05,50,1023,2777279,135567,923,0.007489567318251702,0.5256937307297019,0.014768724374891724,0.7395763251440498
0,False,50,2017,12,2017,12,1,all,2018,1,1,1,CUPLS,l1,False,squared_hinge,True,1e-05,50,987,2794421,118425,959,0.008265500954677922,0.5071942446043165,0.01626592396051352,0.7332690651374472
0,False,50,2017,12,2017,12,1,all,2018,1,1,1,CUPLS,l1,False,squared_hinge,True,1e-05,50,1042,2813884,98962,904,0.010419583216671333,0.5354573484069887,0.02044139283962727,0.7507415077003562
