test#,filter_repeat,downsample_ratio,training_start_year,training_start_month,training_end_year,training_end_month,training month count,training days,testing_year,testing_month_first,testing_month_last,testing month count,features,penalty,fit_intercept,loss,shuffle,alpha,num_iter,true_pos,true_neg,false_pos,false_neg,precision,recall,f1-score,AUROC
0,False,1,2017,12,2017,12,1,all,2018,1,1,1,CUPLS,l1,False,squared_hinge,True,1e-05,50,1892,1989477,923369,54,0.002044828432193727,0.9722507708119219,0.004081073589824062,0.8276259316071675
0,False,1,2017,12,2017,12,1,all,2018,1,1,1,CUPLS,l1,False,squared_hinge,True,1e-05,50,1797,2590620,322226,149,0.0055459026056792265,0.9234326824254881,0.011025588322815973,0.9064051438476929
0,False,1,2017,12,2017,12,1,all,2018,1,1,1,CUPLS,l1,False,squared_hinge,True,1e-05,50,1870,2473389,439457,76,0.004237220926886413,0.9609455292908531,0.008437238451247877,0.9050384643082305
0,False,1,2017,12,2017,12,1,all,2018,1,1,1,CUPLS,l1,False,squared_hinge,True,1e-05,50,1742,2497864,414982,204,0.004180224801067373,0.895169578622816,0.008321589796259583,0.8763517066149661
0,False,1,2017,12,2017,12,1,all,2018,1,1,1,CUPLS,l1,False,squared_hinge,True,1e-05,50,1818,2612582,300264,128,0.006018233459789064,0.934224049331963,0.01195942478982199,0.9155706798781005
