test#,filter_repeat,downsample_ratio,training_start_year,training_start_month,training_end_year,training_end_month,training month count,training days,testing_year,testing_month_first,testing_month_last,testing month count,features,penalty,fit_intercept,loss,shuffle,alpha,num_iter,true_pos,true_neg,false_pos,false_neg,precision,recall,f1-score,AUROC
0,False,50,2017,12,2017,12,1,all,2018,1,1,1,CUPLS,l1,False,squared_hinge,True,1e-05,50,1009,2826276,86570,937,0.011521026730152206,0.5184994861253854,0.02254118961184027,0.7443897058344974
0,False,50,2017,12,2017,12,1,all,2018,1,1,1,CUPLS,l1,False,squared_hinge,True,1e-05,50,1002,2791324,121522,944,0.008177989618360484,0.5149023638232272,0.016100265124126295,0.7365915140815945
0,False,50,2017,12,2017,12,1,all,2018,1,1,1,CUPLS,l1,False,squared_hinge,True,1e-05,50,926,2829777,83069,1020,0.011024465742008454,0.47584789311408016,0.021549667795347973,0.7236648679789073
0,False,50,2017,12,2017,12,1,all,2018,1,1,1,CUPLS,l1,False,squared_hinge,True,1e-05,50,917,2813467,99379,1029,0.009142936906756003,0.4712230215827338,0.01793783376694509,0.7185527648089153
0,False,50,2017,12,2017,12,1,all,2018,1,1,1,CUPLS,l1,False,squared_hinge,True,1e-05,50,930,2813899,98947,1016,0.009311453087297375,0.4779033915724563,0.0182669927226658,0.7219671040845042
