test#,filter_repeat,downsample_ratio,training_start_year,training_start_month,training_end_year,training_end_month,training month count,training days,testing_year,testing_month_first,testing_month_last,testing month count,features,penalty,fit_intercept,loss,shuffle,alpha,num_iter,true_pos,true_neg,false_pos,false_neg,precision,recall,f1-score,AUROC
0,False,1.5,2017,12,2017,12,1,all,2018,1,1,1,CUPLS,l1,False,squared_hinge,True,1e-05,50,1616,2691311,221535,330,0.007241733176190113,0.8304213771839671,0.014358254441418587,0.8771834465064081
0,False,1.5,2017,12,2017,12,1,all,2018,1,1,1,CUPLS,l1,False,squared_hinge,True,1e-05,50,1761,2602115,310731,185,0.005635344264813179,0.9049331963001028,0.011200936273605607,0.8991285569353769
0,False,1.5,2017,12,2017,12,1,all,2018,1,1,1,CUPLS,l1,False,squared_hinge,True,1e-05,50,1819,2471747,441099,127,0.0041068549934750904,0.9347379239465571,0.008177780175514314,0.891652806707947
0,False,1.5,2017,12,2017,12,1,all,2018,1,1,1,CUPLS,l1,False,squared_hinge,True,1e-05,50,1633,2727469,185377,313,0.008732153360782846,0.8391572456320657,0.01728444717288681,0.8877580253659788
0,False,1.5,2017,12,2017,12,1,all,2018,1,1,1,CUPLS,l1,False,squared_hinge,True,1e-05,50,1606,2731592,181254,340,0.008782675270698896,0.8252826310380267,0.01738038808263801,0.8815284451509953
