test#,filter_repeat,downsample_ratio,training_start_year,training_start_month,training_end_year,training_end_month,training month count,training days,testing_year,testing_month_first,testing_month_last,testing month count,features,penalty,fit_intercept,loss,shuffle,alpha,num_iter,true_pos,true_neg,false_pos,false_neg,precision,recall,f1-score,AUROC
0,False,20,2017,12,2017,12,1,all,2018,1,1,1,CUPLS,l1,False,squared_hinge,True,1e-05,50,1459,2737015,175831,487,0.008229454565965367,0.749743062692703,0.01628021156464103,0.8446895375162623
0,False,20,2017,12,2017,12,1,all,2018,1,1,1,CUPLS,l1,False,squared_hinge,True,1e-05,50,1300,2775122,137724,646,0.009350903441132466,0.6680369989722508,0.018443640490884587,0.8103777028219694
0,False,20,2017,12,2017,12,1,all,2018,1,1,1,CUPLS,l1,False,squared_hinge,True,1e-05,50,1177,2783273,129573,769,0.0090019120458891,0.604830421377184,0.01773979622596009,0.7801735611128849
0,False,20,2017,12,2017,12,1,all,2018,1,1,1,CUPLS,l1,False,squared_hinge,True,1e-05,50,1268,2774386,138460,678,0.009074773846330013,0.6515930113052415,0.017900249869418523,0.8020293720657439
0,False,20,2017,12,2017,12,1,all,2018,1,1,1,CUPLS,l1,False,squared_hinge,True,1e-05,50,1282,2793434,119412,664,0.010621903325765987,0.6587872559095581,0.020906718851924334,0.808896148857017
