test#,filter_repeat,downsample_ratio,training_start_year,training_start_month,training_end_year,training_end_month,training month count,training days,testing_year,testing_month_first,testing_month_last,testing month count,features,penalty,fit_intercept,loss,shuffle,alpha,num_iter,true_pos,true_neg,false_pos,false_neg,precision,recall,f1-score,AUROC
0,False,1,2017,12,2017,12,1,all,2018,1,1,1,CUPLS,l1,False,squared_hinge,True,1e-05,50,1691,2687916,224930,255,0.007461797450368677,0.8689619732785201,0.014796536682898232,0.8958709811669487
0,False,1,2017,12,2017,12,1,all,2018,1,1,1,CUPLS,l1,False,squared_hinge,True,1e-05,50,1768,2669429,243417,178,0.007210881579215694,0.9085303186022611,0.014308200913685456,0.9124817969125937
0,False,1,2017,12,2017,12,1,all,2018,1,1,1,CUPLS,l1,False,squared_hinge,True,1e-05,50,1674,2679434,233412,272,0.007120798346137158,0.8602261048304214,0.014124675149346923,0.8900470825699116
0,False,1,2017,12,2017,12,1,all,2018,1,1,1,CUPLS,l1,False,squared_hinge,True,1e-05,50,1633,2717216,195630,313,0.008278288376431464,0.8391572456320657,0.016394841598522156,0.8859980627726939
0,False,1,2017,12,2017,12,1,all,2018,1,1,1,CUPLS,l1,False,squared_hinge,True,1e-05,50,1457,2741492,171354,489,0.008431176256141102,0.7487153134635149,0.016674582420160566,0.8449441552970781
