test#,filter_repeat,downsample_ratio,training_start_year,training_start_month,training_end_year,training_end_month,training month count,training days,testing_year,testing_month_first,testing_month_last,testing month count,features,penalty,fit_intercept,loss,shuffle,alpha,num_iter,true_pos,true_neg,false_pos,false_neg,precision,recall,f1-score,AUROC
0,False,20,2017,12,2017,12,1,all,2018,1,1,1,CUPLS,l1,False,squared_hinge,True,1e-05,50,1231,2793203,119643,715,0.010184158710723564,0.6325796505652621,0.020045595179938123,0.795752694243091
0,False,20,2017,12,2017,12,1,all,2018,1,1,1,CUPLS,l1,False,squared_hinge,True,1e-05,50,1283,2787320,125526,663,0.010117578405318234,0.6593011305241521,0.019929323133082207,0.8081035971079065
0,False,20,2017,12,2017,12,1,all,2018,1,1,1,CUPLS,l1,False,squared_hinge,True,1e-05,50,1196,2811056,101790,750,0.011613228982580156,0.6145940390544707,0.022795715320397973,0.7898244171308161
0,False,20,2017,12,2017,12,1,all,2018,1,1,1,CUPLS,l1,False,squared_hinge,True,1e-05,50,1262,2796918,115928,684,0.010768836931478796,0.6485097636176773,0.02118587160891754,0.8043554432528697
0,False,20,2017,12,2017,12,1,all,2018,1,1,1,CUPLS,l1,False,squared_hinge,True,1e-05,50,1186,2795788,117058,760,0.010030107235885119,0.6094552929085303,0.01973541892004326,0.784634239525097
