test#,filter_repeat,downsample_ratio,training_start_year,training_start_month,training_end_year,training_end_month,training month count,training days,testing_year,testing_month_first,testing_month_last,testing month count,features,penalty,fit_intercept,loss,shuffle,alpha,num_iter,true_pos,true_neg,false_pos,false_neg,precision,recall,f1-score,AUROC
0,False,3,2017,12,2017,12,1,all,2018,1,1,1,CUPLS,l1,False,squared_hinge,True,1e-05,50,1640,2717724,195122,306,0.008334942722680193,0.8427543679342241,0.01650663284819937,0.8878838238649989
0,False,3,2017,12,2017,12,1,all,2018,1,1,1,CUPLS,l1,False,squared_hinge,True,1e-05,50,1655,2703214,209632,291,0.007832947602076796,0.8504624871531347,0.01552292562595846,0.8892471922398334
0,False,3,2017,12,2017,12,1,all,2018,1,1,1,CUPLS,l1,False,squared_hinge,True,1e-05,50,1653,2711890,200956,293,0.008158571435622307,0.8494347379239465,0.016161912444085942,0.8902225827631834
0,False,3,2017,12,2017,12,1,all,2018,1,1,1,CUPLS,l1,False,squared_hinge,True,1e-05,50,1475,2732013,180833,471,0.008090703644382035,0.7579650565262076,0.016010507234578353,0.8479419239881096
0,False,3,2017,12,2017,12,1,all,2018,1,1,1,CUPLS,l1,False,squared_hinge,True,1e-05,50,1672,2726671,186175,274,0.008900860806933301,0.8591983556012333,0.01761919564999763,0.8976416009153299
