test#,filter_repeat,downsample_ratio,training_start_year,training_start_month,training_end_year,training_end_month,training month count,training days,testing_year,testing_month_first,testing_month_last,testing month count,features,penalty,fit_intercept,loss,shuffle,alpha,num_iter,true_pos,true_neg,false_pos,false_neg,precision,recall,f1-score,AUROC
0,False,1.5,2017,12,2017,12,1,all,2018,1,1,1,CUPLS,l1,False,squared_hinge,True,1e-05,50,1722,2679631,233215,224,0.007329624537642006,0.8848920863309353,0.014538822963235016,0.9024138890454078
0,False,1.5,2017,12,2017,12,1,all,2018,1,1,1,CUPLS,l1,False,squared_hinge,True,1e-05,50,1529,2746741,166105,417,0.00912106135986733,0.7857142857142857,0.0180327868852459,0.8643446502639882
0,False,1.5,2017,12,2017,12,1,all,2018,1,1,1,CUPLS,l1,False,squared_hinge,True,1e-05,50,1679,2701881,210965,267,0.007895825887398657,0.8627954779033916,0.01564844587352626,0.8951848735959579
0,False,1.5,2017,12,2017,12,1,all,2018,1,1,1,CUPLS,l1,False,squared_hinge,True,1e-05,50,1644,2729218,183628,302,0.008873440131266463,0.8448098663926003,0.017562413870461174,0.8908845575911358
0,False,1.5,2017,12,2017,12,1,all,2018,1,1,1,CUPLS,l1,False,squared_hinge,True,1e-05,50,1641,2696433,216413,305,0.0075256587817696535,0.843268242548818,0.014918181818181818,0.8844860880450519
