test#,filter_repeat,downsample_ratio,training_start_year,training_start_month,training_end_year,training_end_month,training month count,training days,testing_year,testing_month_first,testing_month_last,testing month count,features,penalty,fit_intercept,loss,shuffle,alpha,num_iter,true_pos,true_neg,false_pos,false_neg,precision,recall,f1-score,AUROC
0,False,5,2017,12,2017,12,1,all,2018,1,1,1,CUPLS,l1,False,squared_hinge,True,1e-05,50,1560,2643190,269656,386,0.005751873045838004,0.8016443987667009,0.011421793660904516,0.8545348227077556
0,False,5,2017,12,2017,12,1,all,2018,1,1,1,CUPLS,l1,False,squared_hinge,True,1e-05,50,1656,2750710,162136,290,0.010110383901533652,0.8509763617677287,0.019983347210657785,0.8976569807448938
0,False,5,2017,12,2017,12,1,all,2018,1,1,1,CUPLS,l1,False,squared_hinge,True,1e-05,50,1512,2777759,135087,434,0.0110688950870797,0.7769784172661871,0.021826843263921474,0.8653010620575451
0,False,5,2017,12,2017,12,1,all,2018,1,1,1,CUPLS,l1,False,squared_hinge,True,1e-05,50,1390,2790526,122320,556,0.011235955056179775,0.7142857142857143,0.02212389380530973,0.8361462098776054
0,False,5,2017,12,2017,12,1,all,2018,1,1,1,CUPLS,l1,False,squared_hinge,True,1e-05,50,1574,2767799,145047,372,0.010735160720497064,0.8088386433710175,0.021189093136430026,0.879521506970965
