test#,filter_repeat,downsample_ratio,training_start_year,training_start_month,training_end_year,training_end_month,training month count,training days,testing_year,testing_month_first,testing_month_last,testing month count,features,penalty,fit_intercept,loss,shuffle,alpha,num_iter,true_pos,true_neg,false_pos,false_neg,precision,recall,f1-score,AUROC
0,False,0.5,2017,12,2017,12,1,all,2018,1,1,1,CUPLS,l1,False,squared_hinge,True,1e-05,50,1884,2442703,470143,62,0.003991297108004415,0.9681397738951696,0.007949819926451506,0.903368229530749
0,False,0.5,2017,12,2017,12,1,all,2018,1,1,1,CUPLS,l1,False,squared_hinge,True,1e-05,50,1815,2616232,296614,131,0.0060818486139081656,0.9326824254881809,0.012084893882646691,0.9154264029669859
0,False,0.5,2017,12,2017,12,1,all,2018,1,1,1,CUPLS,l1,False,squared_hinge,True,1e-05,50,1821,2521527,391319,125,0.004631937732105611,0.9357656731757451,0.009218246154001915,0.9007115889489655
0,False,0.5,2017,12,2017,12,1,all,2018,1,1,1,CUPLS,l1,False,squared_hinge,True,1e-05,50,1859,2571482,341364,87,0.005416303685941793,0.9552929085303186,0.010771535103094424,0.9190501536025084
0,False,0.5,2017,12,2017,12,1,all,2018,1,1,1,CUPLS,l1,False,squared_hinge,True,1e-05,50,1838,2522741,390105,108,0.004689457395590685,0.9445015416238438,0.009332578467537808,0.9052879104341334
