test#,filter_repeat,downsample_ratio,training_start_year,training_start_month,training_end_year,training_end_month,training month count,training days,testing_year,testing_month_first,testing_month_last,testing month count,features,penalty,fit_intercept,loss,shuffle,alpha,num_iter,true_pos,true_neg,false_pos,false_neg,precision,recall,f1-score,AUROC
0,False,100,2017,12,2017,12,1,all,2018,1,1,1,CUPLS,l1,False,squared_hinge,True,1e-05,50,825,2861079,51767,1121,0.015686796470946153,0.4239465570400822,0.030254134731746672,0.7030872955329556
0,False,100,2017,12,2017,12,1,all,2018,1,1,1,CUPLS,l1,False,squared_hinge,True,1e-05,50,864,2813512,99334,1082,0.008622926605321464,0.44398766700924974,0.016917293233082706,0.7049428119264157
0,False,100,2017,12,2017,12,1,all,2018,1,1,1,CUPLS,l1,False,squared_hinge,True,1e-05,50,811,2846888,65958,1135,0.012146355344546122,0.41675231243576566,0.023604744233427927,0.6970542394395842
0,False,100,2017,12,2017,12,1,all,2018,1,1,1,CUPLS,l1,False,squared_hinge,True,1e-05,50,941,2850703,62143,1005,0.014916619111026567,0.4835560123329907,0.02894048900507458,0.7311109472145287
0,False,100,2017,12,2017,12,1,all,2018,1,1,1,CUPLS,l1,False,squared_hinge,True,1e-05,50,835,2858868,53978,1111,0.01523361246419645,0.4290853031860226,0.02942264662872848,0.7052771428774802
