test#,filter_repeat,downsample_ratio,training_start_year,training_start_month,training_end_year,training_end_month,training month count,training days,testing_year,testing_month_first,testing_month_last,testing month count,features,penalty,fit_intercept,loss,shuffle,alpha,num_iter,true_pos,true_neg,false_pos,false_neg,precision,recall,f1-score,AUROC
0,False,5,2017,12,2017,12,1,all,2018,1,1,1,CUPLS,l1,False,squared_hinge,True,1e-05,50,1559,2745066,167780,387,0.009206384825704652,0.8011305241521068,0.018203578830603966,0.8717652499916521
0,False,5,2017,12,2017,12,1,all,2018,1,1,1,CUPLS,l1,False,squared_hinge,True,1e-05,50,1608,2733900,178946,338,0.008905922881797135,0.8263103802672148,0.017621917808219176,0.8824384958765131
0,False,5,2017,12,2017,12,1,all,2018,1,1,1,CUPLS,l1,False,squared_hinge,True,1e-05,50,1550,2757875,154971,396,0.00990282454111589,0.7965056526207606,0.019562432556936148,0.8716515229802352
0,False,5,2017,12,2017,12,1,all,2018,1,1,1,CUPLS,l1,False,squared_hinge,True,1e-05,50,1627,2735450,177396,319,0.009088217715042202,0.8360739979445015,0.017980980167874056,0.887586367527952
0,False,5,2017,12,2017,12,1,all,2018,1,1,1,CUPLS,l1,False,squared_hinge,True,1e-05,50,1592,2757282,155564,354,0.010130061849372598,0.8180883864337102,0.02001231914117987,0.8823410994041374
