test#,filter_repeat,downsample_ratio,training_start_year,training_start_month,training_end_year,training_end_month,training month count,training days,testing_year,testing_month_first,testing_month_last,testing month count,features,penalty,fit_intercept,loss,shuffle,alpha,num_iter,true_pos,true_neg,false_pos,false_neg,precision,recall,f1-score,AUROC
0,False,2,2017,12,2017,12,1,all,2018,1,1,1,CUPLS,l1,False,squared_hinge,True,1e-05,50,1504,2747000,165846,442,0.00898715267403645,0.7728674203494348,0.017767696815045836,0.8579656758193138
0,False,2,2017,12,2017,12,1,all,2018,1,1,1,CUPLS,l1,False,squared_hinge,True,1e-05,50,1584,2714863,197983,362,0.00793718400336729,0.8139773895169579,0.01572107010465826,0.8730042341999735
0,False,2,2017,12,2017,12,1,all,2018,1,1,1,CUPLS,l1,False,squared_hinge,True,1e-05,50,1577,2733253,179593,369,0.008704531655351327,0.8103802672147996,0.017224054697568752,0.8743623795826418
0,False,2,2017,12,2017,12,1,all,2018,1,1,1,CUPLS,l1,False,squared_hinge,True,1e-05,50,1539,2717043,195803,407,0.007798643978473918,0.7908530318602262,0.015444984143551041,0.8618162598437976
0,False,2,2017,12,2017,12,1,all,2018,1,1,1,CUPLS,l1,False,squared_hinge,True,1e-05,50,1815,2424971,487875,131,0.003706426514733811,0.9326824254881809,0.007383511378336818,0.8825957967488748
