test#,filter_repeat,downsample_ratio,training_start_year,training_start_month,training_end_year,training_end_month,training month count,training days,testing_year,testing_month_first,testing_month_last,testing month count,features,penalty,fit_intercept,loss,shuffle,alpha,num_iter,true_pos,true_neg,false_pos,false_neg,precision,recall,f1-score,AUROC
0,False,3,2017,12,2017,12,1,all,2018,1,1,1,CUPLS,l1,False,squared_hinge,True,1e-05,50,1608,2731397,181449,338,0.008784149199429686,0.8263103802672148,0.017383501889158555,0.8820088473472054
0,False,3,2017,12,2017,12,1,all,2018,1,1,1,CUPLS,l1,False,squared_hinge,True,1e-05,50,1724,2541832,371014,222,0.004625232737204148,0.8859198355601233,0.009202421240298492,0.879274092988775
0,False,3,2017,12,2017,12,1,all,2018,1,1,1,CUPLS,l1,False,squared_hinge,True,1e-05,50,1766,2566158,346688,180,0.005068100811010922,0.9075025693730729,0.010079908675799085,0.8942411011752901
0,False,3,2017,12,2017,12,1,all,2018,1,1,1,CUPLS,l1,False,squared_hinge,True,1e-05,50,1595,2735355,177491,351,0.00890633550361279,0.8196300102774923,0.017621194043042115,0.8793480666188244
0,False,3,2017,12,2017,12,1,all,2018,1,1,1,CUPLS,l1,False,squared_hinge,True,1e-05,50,1654,2712611,200235,292,0.008192620697511999,0.8499486125385406,0.016228812519930334,0.8906032821917874
