test#, training_year_first, training_year_last, training_month_first, training_month_last, testing_year, testing_month_first, testing_month_last, num_features, penalty, fit_intercept, loss, shuffle, num_iter, true_pos, true_neg, false_pos, false_neg, precision, recall, f1-score, AUROC
0, 2005, 2005, 1, 12, 2006, 1, 1, 36, none, True, squared_hinge, True, 50, 224, 421113, 3332, 521, 0.06299212598425197, 0.3006711409395973, 0.10416182283189955, 0.6464104447173454
1, 2005, 2005, 1, 12, 2006, 1, 1, 36, l2, True, squared_hinge, True, 50, 215, 419837, 4608, 530, 0.04457806344598798, 0.28859060402684567, 0.07722701149425287, 0.6388670368671729
2, 2005, 2005, 1, 12, 2006, 1, 1, 36, l1, True, squared_hinge, True, 50, 216, 420661, 3784, 529, 0.054, 0.28993288590604027, 0.0910432033719705, 0.64050885716452
3, 2005, 2005, 1, 12, 2006, 1, 1, 36, elasticnet, True, squared_hinge, True, 50, 258, 421296, 3149, 487, 0.07572644555327267, 0.34630872483221475, 0.12427745664739882, 0.6694448122977175
4, 2005, 2005, 1, 12, 2006, 1, 1, 36, none, False, squared_hinge, True, 50, 30, 419247, 5198, 715, 0.005738332058148432, 0.040268456375838924, 0.010045203415369163, 0.5140109377733781
5, 2005, 2005, 1, 12, 2006, 1, 1, 36, l2, False, squared_hinge, True, 50, 280, 424431, 14, 465, 0.9523809523809523, 0.37583892617449666, 0.5389797882579402, 0.687902970962238
6, 2005, 2005, 1, 12, 2006, 1, 1, 36, l1, False, squared_hinge, True, 50, 26, 418788, 5657, 719, 0.004575048389934893, 0.0348993288590604, 0.008089607965152458, 0.5107856679164366
7, 2005, 2005, 1, 12, 2006, 1, 1, 36, elasticnet, False, squared_hinge, True, 50, 230, 419314, 5131, 515, 0.04290244357396008, 0.3087248322147651, 0.07533573534228628, 0.6483180522911048
