test#, training_year_first, training_year_last, training_month_first, training_month_last, testing_year, testing_month_first, testing_month_last, num_features, penalty, fit_intercept, loss, shuffle, num_iter, true_pos, true_neg, false_pos, false_neg, precision, recall, f1-score, AUROC
0, 2005, 2005, 12, 12, 2006, 1, 1, 36, none, True, squared_hinge, True, 50, 357, 422721, 1724, 388, 0.1715521383950024, 0.4791946308724832, 0.2526539278131635, 0.7375664280421151
1, 2005, 2005, 12, 12, 2006, 1, 1, 36, l2, True, squared_hinge, True, 50, 24, 422440, 2005, 721, 0.011828486939379004, 0.032214765100671144, 0.017303532804614274, 0.5137454746470737
2, 2005, 2005, 12, 12, 2006, 1, 1, 36, l1, True, squared_hinge, True, 50, 25, 421679, 2766, 720, 0.00895736295234683, 0.03355704697986577, 0.014140271493212671, 0.5135201507914678
3, 2005, 2005, 12, 12, 2006, 1, 1, 36, elasticnet, True, squared_hinge, True, 50, 287, 422998, 1447, 458, 0.16551326412918108, 0.38523489932885907, 0.23154497781363453, 0.6909128707437212
4, 2005, 2005, 12, 12, 2006, 1, 1, 36, none, False, squared_hinge, True, 50, 367, 422809, 1636, 378, 0.1832251622566151, 0.49261744966442955, 0.2671033478893741, 0.7443815022238675
5, 2005, 2005, 12, 12, 2006, 1, 1, 36, l2, False, squared_hinge, True, 50, 246, 422831, 1614, 499, 0.13225806451612904, 0.3302013422818792, 0.1888675623800384, 0.663199364729037
6, 2005, 2005, 12, 12, 2006, 1, 1, 36, l1, False, squared_hinge, True, 50, 3, 420103, 4342, 742, 0.0006904487917146145, 0.004026845637583893, 0.0011787819253438114, 0.49689850804773794
7, 2005, 2005, 12, 12, 2006, 1, 1, 36, elasticnet, False, squared_hinge, True, 50, 401, 421341, 3104, 344, 0.11440798858773181, 0.538255033557047, 0.18870588235294117, 0.7654709770619524
