test#, training_year_first, training_year_last, training_month_first, training_month_last, testing_year, testing_month_first, testing_month_last, num_features, penalty, fit_intercept, loss, shuffle, num_iter, true_pos, true_neg, false_pos, false_neg, precision, recall, f1-score, AUROC
0, 2005, 2005, 1, 12, 2006, 1, 1, 32, none, True, squared_hinge, True, 50, 219, 422488, 1957, 526, 0.10064338235294118, 0.29395973154362415, 0.1499486477233824, 0.644674502297157
1, 2005, 2005, 1, 12, 2006, 1, 1, 32, l2, True, squared_hinge, True, 50, 240, 420257, 4188, 505, 0.05420054200542006, 0.3221476510067114, 0.09278948385849604, 0.6561403241074151
2, 2005, 2005, 1, 12, 2006, 1, 1, 32, l1, True, squared_hinge, True, 50, 229, 421435, 3010, 516, 0.07070083359061438, 0.3073825503355705, 0.1149598393574297, 0.6501454682905691
3, 2005, 2005, 1, 12, 2006, 1, 1, 32, elasticnet, True, squared_hinge, True, 50, 245, 421745, 2700, 500, 0.0831918505942275, 0.3288590604026846, 0.13279132791327913, 0.6612489060922115
4, 2005, 2005, 1, 12, 2006, 1, 1, 32, none, False, squared_hinge, True, 50, 221, 419929, 4516, 524, 0.04665400042220815, 0.2966442953020134, 0.08062750820868296, 0.6430022593262532
5, 2005, 2005, 1, 12, 2006, 1, 1, 32, l2, False, squared_hinge, True, 50, 281, 424431, 14, 464, 0.9525423728813559, 0.37718120805369126, 0.5403846153846154, 0.6885741119018354
6, 2005, 2005, 1, 12, 2006, 1, 1, 32, l1, False, squared_hinge, True, 50, 234, 419984, 4461, 511, 0.04984025559105431, 0.31409395973154364, 0.08602941176470588, 0.6517918820321303
7, 2005, 2005, 1, 12, 2006, 1, 1, 32, elasticnet, False, squared_hinge, True, 50, 545, 424203, 242, 200, 0.6925031766200762, 0.7315436241610739, 0.7114882506527416, 0.8654867339196444
