test#, training_year_first, training_year_last, training_month_first, training_month_last, testing_year, testing_month_first, testing_month_last, num_features, penalty, fit_intercept, loss, shuffle, num_iter, true_pos, true_neg, false_pos, false_neg, precision, recall, f1-score, AUROC
0, 2005, 2005, 12, 12, 2006, 1, 1, 36, none, True, squared_hinge, True, 50, 364, 421397, 3048, 381, 0.10668229777256741, 0.4885906040268456, 0.17512629299975943, 0.740704730796893
1, 2005, 2005, 12, 12, 2006, 1, 1, 36, l2, True, squared_hinge, True, 50, 27, 422860, 1585, 718, 0.016749379652605458, 0.036241610738255034, 0.022910479422995334, 0.5162536612161749
2, 2005, 2005, 12, 12, 2006, 1, 1, 36, l1, True, squared_hinge, True, 50, 25, 420975, 3470, 720, 0.00715307582260372, 0.03355704697986577, 0.011792452830188678, 0.5126908325052353
3, 2005, 2005, 12, 12, 2006, 1, 1, 36, elasticnet, True, squared_hinge, True, 50, 25, 421903, 2542, 720, 0.009738994935722634, 0.03355704697986577, 0.015096618357487924, 0.5137840247916328
4, 2005, 2005, 12, 12, 2006, 1, 1, 36, none, False, squared_hinge, True, 50, 281, 421187, 3258, 464, 0.07940096072336818, 0.37718120805369126, 0.1311858076563959, 0.6847526509351612
5, 2005, 2005, 12, 12, 2006, 1, 1, 36, l2, False, squared_hinge, True, 50, 74, 423022, 1423, 671, 0.049432197728790914, 0.09932885906040269, 0.06601248884924175, 0.5479881228237965
6, 2005, 2005, 12, 12, 2006, 1, 1, 36, l1, False, squared_hinge, True, 50, 326, 421700, 2745, 419, 0.10615434711820254, 0.4375838926174497, 0.17085953878406707, 0.7155583117977753
7, 2005, 2005, 12, 12, 2006, 1, 1, 36, elasticnet, False, squared_hinge, True, 50, 292, 423256, 1189, 453, 0.19716407832545577, 0.3919463087248322, 0.26235399820305483, 0.6945725017454694
