test#, training_year_first, training_year_last, training_month_first, training_month_last, testing_year, testing_month_first, testing_month_last, num_features, penalty, fit_intercept, loss, shuffle, num_iter, true_pos, true_neg, false_pos, false_neg, precision, recall, f1-score, AUROC
0, 2005, 2005, 12, 12, 2006, 1, 1, 32, none, True, squared_hinge, True, 50, 23, 422664, 1781, 722, 0.012749445676274944, 0.03087248322147651, 0.01804629266378972, 0.5133382077076413
1, 2005, 2005, 12, 12, 2006, 1, 1, 32, l2, True, squared_hinge, True, 50, 25, 421784, 2661, 720, 0.009307520476545048, 0.03355704697986577, 0.01457301078402798, 0.5136438417290452
2, 2005, 2005, 12, 12, 2006, 1, 1, 32, l1, True, squared_hinge, True, 50, 6, 419600, 4845, 739, 0.0012368583797155227, 0.008053691275167786, 0.0021443888491779846, 0.4983193923750882
3, 2005, 2005, 12, 12, 2006, 1, 1, 32, elasticnet, True, squared_hinge, True, 50, 358, 422972, 1473, 387, 0.1955215729109776, 0.48053691275167787, 0.2779503105590062, 0.7385332492229687
4, 2005, 2005, 12, 12, 2006, 1, 1, 32, none, False, squared_hinge, True, 50, 238, 422059, 2386, 507, 0.09070121951219512, 0.3194630872483222, 0.1412882160878599, 0.656920814318833
5, 2005, 2005, 12, 12, 2006, 1, 1, 32, l2, False, squared_hinge, True, 50, 17, 420982, 3463, 728, 0.004885057471264368, 0.022818791946308724, 0.00804733727810651, 0.5073299510509618
6, 2005, 2005, 12, 12, 2006, 1, 1, 32, l1, False, squared_hinge, True, 50, 348, 421617, 2828, 397, 0.10957178841309824, 0.4671140939597315, 0.17750573833205813, 0.7302256377277837
7, 2005, 2005, 12, 12, 2006, 1, 1, 32, elasticnet, False, squared_hinge, True, 50, 315, 422198, 2247, 430, 0.12295081967213115, 0.4228187919463087, 0.1905049894163895, 0.708762409909
