test#, training_year_first, training_year_last, training_month_first, training_month_last, testing_year, testing_month_first, testing_month_last, num_features, penalty, fit_intercept, loss, shuffle, num_iter, true_pos, true_neg, false_pos, false_neg, precision, recall, f1-score, AUROC
0, 2004, 2005, 1, 12, 2006, 1, 1, 32, none, True, squared_hinge, True, 50, 240, 420924, 3521, 505, 0.06381281574049455, 0.3221476510067114, 0.10652463382157124, 0.6569260560632634
1, 2004, 2005, 1, 12, 2006, 1, 1, 32, l2, True, squared_hinge, True, 50, 246, 420536, 3909, 499, 0.0592057761732852, 0.3302013422818792, 0.10040816326530612, 0.6604958342362759
2, 2004, 2005, 1, 12, 2006, 1, 1, 32, l1, True, squared_hinge, True, 50, 209, 420194, 4251, 536, 0.046860986547085204, 0.28053691275167786, 0.0803073967339097, 0.6352607404173519
3, 2004, 2005, 1, 12, 2006, 1, 1, 32, elasticnet, True, squared_hinge, True, 50, 564, 420719, 3726, 181, 0.13146853146853146, 0.7570469798657719, 0.2240317775571003, 0.8741342286622856
4, 2004, 2005, 1, 12, 2006, 1, 1, 32, none, False, squared_hinge, True, 50, 260, 418838, 5607, 485, 0.04431566388273393, 0.348993288590604, 0.07864488808227464, 0.6678915482286738
5, 2004, 2005, 1, 12, 2006, 1, 1, 32, l2, False, squared_hinge, True, 50, 530, 421664, 2781, 215, 0.160072485653881, 0.7114093959731543, 0.2613412228796844, 0.8524286551541725
6, 2004, 2005, 1, 12, 2006, 1, 1, 32, l1, False, squared_hinge, True, 50, 225, 420706, 3739, 520, 0.05676084762865792, 0.30201342281879195, 0.09556169038012316, 0.6466021360227145
7, 2004, 2005, 1, 12, 2006, 1, 1, 32, elasticnet, False, squared_hinge, True, 50, 477, 424416, 29, 268, 0.9426877470355731, 0.640268456375839, 0.762589928057554, 0.8201000659289696
