test#, training_year_first, training_year_last, training_month_first, training_month_last, testing_year, testing_month_first, testing_month_last, num_features, penalty, fit_intercept, loss, shuffle, num_iter, true_pos, true_neg, false_pos, false_neg, precision, recall, f1-score, AUROC
0, 2005, 2005, 1, 12, 2006, 1, 1, 36, none, True, squared_hinge, True, 50, 235, 421033, 3412, 510, 0.06443652316972855, 0.31543624161073824, 0.10701275045537341, 0.6536987543385713
1, 2005, 2005, 1, 12, 2006, 1, 1, 36, l2, True, squared_hinge, True, 50, 310, 421033, 3412, 435, 0.08328855454056959, 0.4161073825503356, 0.1387956122677412, 0.70403432480837
2, 2005, 2005, 1, 12, 2006, 1, 1, 36, l1, True, squared_hinge, True, 50, 44, 422551, 1894, 701, 0.022703818369453045, 0.05906040268456376, 0.03279910547894148, 0.5272990524301732
3, 2005, 2005, 1, 12, 2006, 1, 1, 36, elasticnet, True, squared_hinge, True, 50, 245, 420623, 3822, 500, 0.060240963855421686, 0.3288590604026846, 0.10182876142975894, 0.6599271800735284
4, 2005, 2005, 1, 12, 2006, 1, 1, 36, none, False, squared_hinge, True, 50, 379, 422007, 2438, 366, 0.13454029108981186, 0.508724832214765, 0.21280179674340255, 0.7514904303377304
5, 2005, 2005, 1, 12, 2006, 1, 1, 36, l2, False, squared_hinge, True, 50, 272, 424420, 25, 473, 0.9158249158249159, 0.3651006711409396, 0.5220729366602688, 0.6825208853472371
6, 2005, 2005, 1, 12, 2006, 1, 1, 36, l1, False, squared_hinge, True, 50, 216, 421503, 2942, 529, 0.06839772007599747, 0.28993288590604027, 0.11068408916218293, 0.641500740682997
7, 2005, 2005, 1, 12, 2006, 1, 1, 36, elasticnet, False, squared_hinge, True, 50, 380, 424356, 89, 365, 0.8102345415778252, 0.5100671140939598, 0.6260296540362438, 0.7549287142522715
