test#, training_year_first, training_year_last, training_month_first, training_month_last, testing_year, testing_month_first, testing_month_last, num_features, penalty, fit_intercept, loss, shuffle, num_iter, true_pos, true_neg, false_pos, false_neg, precision, recall, f1-score, AUROC
0, 2005, 2005, 1, 12, 2006, 1, 1, 32, none, True, squared_hinge, True, 50, 342, 422042, 2403, 403, 0.12459016393442623, 0.4590604026845638, 0.19598853868194846, 0.7266994458851556
1, 2005, 2005, 1, 12, 2006, 1, 1, 32, l2, True, squared_hinge, True, 50, 232, 420890, 3555, 513, 0.06126221283337734, 0.31140939597315437, 0.10238305383936451, 0.6515168762428883
2, 2005, 2005, 1, 12, 2006, 1, 1, 32, l1, True, squared_hinge, True, 50, 246, 420479, 3966, 499, 0.0584045584045584, 0.3302013422818792, 0.09925358079483558, 0.6604286877273053
3, 2005, 2005, 1, 12, 2006, 1, 1, 32, elasticnet, True, squared_hinge, True, 50, 50, 419903, 4542, 695, 0.01088850174216028, 0.06711409395973154, 0.01873711823121604, 0.5282065304229502
4, 2005, 2005, 1, 12, 2006, 1, 1, 32, none, False, squared_hinge, True, 50, 239, 420559, 3886, 506, 0.057939393939393936, 0.3208053691275168, 0.09815195071868583, 0.6558249418644687
5, 2005, 2005, 1, 12, 2006, 1, 1, 32, l2, False, squared_hinge, True, 50, 280, 424431, 14, 465, 0.9523809523809523, 0.37583892617449666, 0.5389797882579402, 0.687902970962238
6, 2005, 2005, 1, 12, 2006, 1, 1, 32, l1, False, squared_hinge, True, 50, 232, 419855, 4590, 513, 0.04811281625881377, 0.31140939597315437, 0.08334830249685649, 0.6502976370010549
7, 2005, 2005, 1, 12, 2006, 1, 1, 32, elasticnet, False, squared_hinge, True, 50, 363, 424365, 80, 382, 0.8194130925507901, 0.487248322147651, 0.6111111111111112, 0.7435299203594808
