test#, training_year_first, training_year_last, training_month_first, training_month_last, testing_year, testing_month_first, testing_month_last, num_features, penalty, fit_intercept, loss, shuffle, num_iter, true_pos, true_neg, false_pos, false_neg, precision, recall, f1-score, AUROC
0, 2005, 2005, 1, 12, 2006, 1, 1, 36, none, True, squared_hinge, True, 50, 237, 420314, 4131, 508, 0.05425824175824176, 0.3181208053691275, 0.09270486993937024, 0.6541940477975937
1, 2005, 2005, 1, 12, 2006, 1, 1, 36, l2, True, squared_hinge, True, 50, 234, 421233, 3212, 511, 0.06790481717933837, 0.31409395973154364, 0.11166785969935576, 0.6532632151848357
2, 2005, 2005, 1, 12, 2006, 1, 1, 36, l1, True, squared_hinge, True, 50, 231, 419120, 5325, 514, 0.041576673866090715, 0.3100671140939597, 0.07332169496905254, 0.6487606594984164
3, 2005, 2005, 1, 12, 2006, 1, 1, 36, elasticnet, True, squared_hinge, True, 50, 189, 421947, 2498, 556, 0.07033866765909937, 0.2536912751677852, 0.11013986013986014, 0.623902971278482
4, 2005, 2005, 1, 12, 2006, 1, 1, 36, none, False, squared_hinge, True, 50, 233, 418933, 5512, 512, 0.040557006092254134, 0.312751677852349, 0.07180277349768875, 0.6498826537078305
5, 2005, 2005, 1, 12, 2006, 1, 1, 36, l2, False, squared_hinge, True, 50, 236, 420237, 4208, 509, 0.05310531053105311, 0.3167785234899329, 0.0909616496434766, 0.6534322001704397
6, 2005, 2005, 1, 12, 2006, 1, 1, 36, l1, False, squared_hinge, True, 50, 230, 420054, 4391, 515, 0.0497727764553127, 0.3087248322147651, 0.08572493477450616, 0.6491897788987925
7, 2005, 2005, 1, 12, 2006, 1, 1, 36, elasticnet, False, squared_hinge, True, 50, 239, 418936, 5509, 506, 0.04157967988865693, 0.3208053691275168, 0.07361774218389036, 0.6539130333722023
