test#, training_year_first, training_year_last, training_month_first, training_month_last, testing_year, testing_month_first, testing_month_last, num_features, penalty, fit_intercept, loss, shuffle, num_iter, true_pos, true_neg, false_pos, false_neg, precision, recall, f1-score, AUROC
0, 2005, 2005, 12, 12, 2006, 1, 1, 32, none, True, squared_hinge, True, 50, 25, 421221, 3224, 720, 0.007694675284702986, 0.03355704697986577, 0.012518778167250876, 0.512980622701845
1, 2005, 2005, 12, 12, 2006, 1, 1, 32, l2, True, squared_hinge, True, 50, 280, 422906, 1539, 465, 0.15393073117097306, 0.37583892617449666, 0.21840873634945396, 0.6861065073450437
2, 2005, 2005, 12, 12, 2006, 1, 1, 32, l1, True, squared_hinge, True, 50, 352, 423397, 1048, 393, 0.25142857142857145, 0.47248322147651006, 0.3282051282051282, 0.7350070573803406
3, 2005, 2005, 12, 12, 2006, 1, 1, 32, elasticnet, True, squared_hinge, True, 50, 173, 422899, 1546, 572, 0.10063990692262943, 0.23221476510067113, 0.14042207792207792, 0.6142861807456259
4, 2005, 2005, 12, 12, 2006, 1, 1, 32, none, False, squared_hinge, True, 50, 377, 421860, 2585, 368, 0.12727886563133017, 0.5060402684563758, 0.20339897491232803, 0.7499749811459275
5, 2005, 2005, 12, 12, 2006, 1, 1, 32, l2, False, squared_hinge, True, 50, 349, 421958, 2487, 396, 0.12306064880112835, 0.4684563758389262, 0.19491762077631947, 0.7312984797122749
6, 2005, 2005, 12, 12, 2006, 1, 1, 32, l1, False, squared_hinge, True, 50, 300, 422816, 1629, 445, 0.15552099533437014, 0.40268456375838924, 0.2243829468960359, 0.6994233053333524
7, 2005, 2005, 12, 12, 2006, 1, 1, 32, elasticnet, False, squared_hinge, True, 50, 319, 423323, 1122, 426, 0.22137404580152673, 0.42818791946308726, 0.2918572735590119, 0.7127722337128605
