test#, training_year_first, training_year_last, training_month_first, training_month_last, testing_year, testing_month_first, testing_month_last, num_features, penalty, fit_intercept, loss, shuffle, num_iter, true_pos, true_neg, false_pos, false_neg, precision, recall, f1-score, AUROC
0, 2004, 2005, 1, 12, 2006, 1, 1, 36, none, True, squared_hinge, True, 50, 246, 419831, 4614, 499, 0.050617283950617285, 0.3302013422818792, 0.08777876895628903, 0.6596653379411139
1, 2004, 2005, 1, 12, 2006, 1, 1, 36, l2, True, squared_hinge, True, 50, 560, 420666, 3779, 185, 0.1290619958515787, 0.7516778523489933, 0.2202989771833202, 0.8713872304306429
2, 2004, 2005, 1, 12, 2006, 1, 1, 36, l1, True, squared_hinge, True, 50, 621, 422171, 2274, 124, 0.21450777202072538, 0.8335570469798658, 0.34120879120879116, 0.9140997311846872
3, 2004, 2005, 1, 12, 2006, 1, 1, 36, elasticnet, True, squared_hinge, True, 50, 229, 420374, 4071, 516, 0.05325581395348837, 0.3073825503355705, 0.09078295341922694, 0.6488956008165737
4, 2004, 2005, 1, 12, 2006, 1, 1, 36, none, False, squared_hinge, True, 50, 243, 419782, 4663, 502, 0.04953118630248675, 0.3261744966442953, 0.08600247743762165, 0.6575941926847859
5, 2004, 2005, 1, 12, 2006, 1, 1, 36, l2, False, squared_hinge, True, 50, 439, 424421, 24, 306, 0.9481641468682506, 0.5892617449664429, 0.72682119205298, 0.794602600268918
6, 2004, 2005, 1, 12, 2006, 1, 1, 36, l1, False, squared_hinge, True, 50, 437, 422909, 1536, 308, 0.22149011657374557, 0.5865771812080537, 0.3215599705665931, 0.7914791688886101
7, 2004, 2005, 1, 12, 2006, 1, 1, 36, elasticnet, False, squared_hinge, True, 50, 277, 424431, 14, 468, 0.9518900343642611, 0.3718120805369127, 0.5347490347490347, 0.685889548143446
