test#, training_year_first, training_year_last, training_month_first, training_month_last, testing_year, testing_month_first, testing_month_last, num_features, penalty, fit_intercept, loss, shuffle, num_iter, true_pos, true_neg, false_pos, false_neg, precision, recall, f1-score, AUROC
0, 2004, 2005, 1, 12, 2006, 1, 1, 36, none, True, squared_hinge, True, 50, 302, 421966, 2479, 443, 0.10859403092412802, 0.4053691275167785, 0.1712989222915485, 0.6997642796226355
1, 2004, 2005, 1, 12, 2006, 1, 1, 36, l2, True, squared_hinge, True, 50, 557, 422306, 2139, 188, 0.20660237388724034, 0.7476510067114094, 0.3237430979366463, 0.8713057422559156
2, 2004, 2005, 1, 12, 2006, 1, 1, 36, l1, True, squared_hinge, True, 50, 220, 420134, 4311, 525, 0.04855440300154491, 0.2953020134228188, 0.08339651250947688, 0.642572610217164
3, 2004, 2005, 1, 12, 2006, 1, 1, 36, elasticnet, True, squared_hinge, True, 50, 246, 422057, 2388, 499, 0.09339407744874716, 0.3302013422818792, 0.14560520864160995, 0.6622875858177529
4, 2004, 2005, 1, 12, 2006, 1, 1, 36, none, False, squared_hinge, True, 50, 580, 422878, 1567, 165, 0.2701443875174662, 0.7785234899328859, 0.4011065006915629, 0.8874158049742177
5, 2004, 2005, 1, 12, 2006, 1, 1, 36, l2, False, squared_hinge, True, 50, 275, 424431, 14, 470, 0.9515570934256056, 0.3691275167785235, 0.5319148936170214, 0.6845472662642514
6, 2004, 2005, 1, 12, 2006, 1, 1, 36, l1, False, squared_hinge, True, 50, 546, 420455, 3990, 199, 0.12037037037037036, 0.7328859060402685, 0.2067790191251657, 0.8617426973921967
7, 2004, 2005, 1, 12, 2006, 1, 1, 36, elasticnet, False, squared_hinge, True, 50, 276, 424431, 14, 469, 0.9517241379310345, 0.3704697986577181, 0.5333333333333333, 0.6852184072038487
