test#, training_year_first, training_year_last, training_month_first, training_month_last, testing_year, testing_month_first, testing_month_last, num_features, penalty, fit_intercept, loss, shuffle, num_iter, true_pos, true_neg, false_pos, false_neg, precision, recall, f1-score, AUROC
0, 2004, 2005, 1, 12, 2006, 1, 1, 36, none, True, squared_hinge, True, 50, 615, 422243, 2202, 130, 0.21831735889243875, 0.825503355704698, 0.34531162268388543, 0.9101577021900135
1, 2004, 2005, 1, 12, 2006, 1, 1, 36, l2, True, squared_hinge, True, 50, 291, 422329, 2116, 454, 0.12089738263398421, 0.3906040268456376, 0.1846446700507614, 0.6928093465284038
2, 2004, 2005, 1, 12, 2006, 1, 1, 36, l1, True, squared_hinge, True, 50, 252, 420873, 3572, 493, 0.06589958158995816, 0.338255033557047, 0.1103086014445174, 0.6649196688830366
3, 2004, 2005, 1, 12, 2006, 1, 1, 36, elasticnet, True, squared_hinge, True, 50, 624, 422838, 1607, 121, 0.27969520394441955, 0.8375838926174497, 0.4193548387096774, 0.9168988859593273
4, 2004, 2005, 1, 12, 2006, 1, 1, 36, none, False, squared_hinge, True, 50, 261, 420861, 3584, 484, 0.06788036410923277, 0.3503355704697987, 0.11372549019607844, 0.6709458012322607
5, 2004, 2005, 1, 12, 2006, 1, 1, 36, l2, False, squared_hinge, True, 50, 275, 424431, 14, 470, 0.9515570934256056, 0.3691275167785235, 0.5319148936170214, 0.6845472662642514
6, 2004, 2005, 1, 12, 2006, 1, 1, 36, l1, False, squared_hinge, True, 50, 438, 424418, 27, 307, 0.9419354838709677, 0.5879194630872483, 0.7239669421487603, 0.793927925302533
7, 2004, 2005, 1, 12, 2006, 1, 1, 36, elasticnet, False, squared_hinge, True, 50, 235, 420298, 4147, 510, 0.05362848014605203, 0.31543624161073824, 0.09167154281256094, 0.6528329177755301
