test#, training_year_first, training_year_last, training_month_first, training_month_last, testing_year, testing_month_first, testing_month_last, num_features, penalty, fit_intercept, loss, shuffle, num_iter, true_pos, true_neg, false_pos, false_neg, precision, recall, f1-score, AUROC
0, 2005, 2005, 1, 12, 2006, 1, 1, 32, none, True, squared_hinge, True, 50, 563, 419969, 4476, 182, 0.11172851756300853, 0.7557046979865771, 0.1946749654218534, 0.8725795810257073
1, 2005, 2005, 1, 12, 2006, 1, 1, 32, l2, True, squared_hinge, True, 50, 28, 421120, 3325, 717, 0.008350730688935281, 0.03758389261744966, 0.013665202537823327, 0.5148750666187768
2, 2005, 2005, 1, 12, 2006, 1, 1, 32, l1, True, squared_hinge, True, 50, 70, 420769, 3676, 675, 0.01868659903897491, 0.09395973154362416, 0.031173458027165445, 0.542649504947677
3, 2005, 2005, 1, 12, 2006, 1, 1, 32, elasticnet, True, squared_hinge, True, 50, 562, 421012, 3433, 183, 0.1406758448060075, 0.7543624161073825, 0.23713080168776374, 0.873137103399378
4, 2005, 2005, 1, 12, 2006, 1, 1, 32, none, False, squared_hinge, True, 50, 499, 421356, 3089, 246, 0.13907469342251952, 0.6697986577181209, 0.23032540964689593, 0.831260459276429
5, 2005, 2005, 1, 12, 2006, 1, 1, 32, l2, False, squared_hinge, True, 50, 279, 424358, 87, 466, 0.7622950819672131, 0.374496644295302, 0.5022502250225022, 0.6871458353708012
6, 2005, 2005, 1, 12, 2006, 1, 1, 32, l1, False, squared_hinge, True, 50, 568, 421680, 2765, 177, 0.1704170417041704, 0.7624161073825504, 0.2785679254536538, 0.8779508590017394
7, 2005, 2005, 1, 12, 2006, 1, 1, 32, elasticnet, False, squared_hinge, True, 50, 231, 421293, 3152, 514, 0.06828258941767662, 0.3100671140939597, 0.1119186046511628, 0.651320472901802
