test#, training_year_first, training_year_last, training_month_first, training_month_last, testing_year, testing_month_first, testing_month_last, num_features, penalty, fit_intercept, loss, shuffle, num_iter, true_pos, true_neg, false_pos, false_neg, precision, recall, f1-score, AUROC
0, 2005, 2005, 1, 12, 2006, 1, 1, 32, none, True, squared_hinge, True, 50, 394, 423022, 1423, 351, 0.21684094661529996, 0.5288590604026846, 0.3075722092115535, 0.7627532234949375
1, 2005, 2005, 1, 12, 2006, 1, 1, 32, l2, True, squared_hinge, True, 50, 604, 423124, 1321, 141, 0.31376623376623375, 0.810738255033557, 0.4524344569288389, 0.9038129777211631
2, 2005, 2005, 1, 12, 2006, 1, 1, 32, l1, True, squared_hinge, True, 50, 342, 422900, 1545, 403, 0.18124006359300476, 0.4590604026845638, 0.25987841945288753, 0.7277101775465015
3, 2005, 2005, 1, 12, 2006, 1, 1, 32, elasticnet, True, squared_hinge, True, 50, 230, 420438, 4007, 515, 0.05428369129100779, 0.3087248322147651, 0.0923323966278603, 0.6496421343276466
4, 2005, 2005, 1, 12, 2006, 1, 1, 32, none, False, squared_hinge, True, 50, 221, 419344, 5101, 524, 0.04152574220217963, 0.2966442953020134, 0.07285313993736607, 0.6423131241026082
5, 2005, 2005, 1, 12, 2006, 1, 1, 32, l2, False, squared_hinge, True, 50, 280, 424431, 14, 465, 0.9523809523809523, 0.37583892617449666, 0.5389797882579402, 0.687902970962238
6, 2005, 2005, 1, 12, 2006, 1, 1, 32, l1, False, squared_hinge, True, 50, 215, 421308, 3137, 530, 0.06414081145584725, 0.28859060402684567, 0.10495484500854282, 0.6405998880021846
7, 2005, 2005, 1, 12, 2006, 1, 1, 32, elasticnet, False, squared_hinge, True, 50, 40, 423129, 1316, 705, 0.029498525073746312, 0.053691275167785234, 0.03807710613993336, 0.5252953778329237
