test#, training_year_first, training_year_last, training_month_first, training_month_last, testing_year, testing_month_first, testing_month_last, num_features, penalty, fit_intercept, loss, shuffle, num_iter, true_pos, true_neg, false_pos, false_neg, precision, recall, f1-score, AUROC
0, 2005, 2005, 12, 12, 2006, 1, 1, 32, none, True, squared_hinge, True, 50, 74, 423000, 1445, 671, 0.048716260697827515, 0.09932885906040269, 0.06537102473498232, 0.5479622066273517
1, 2005, 2005, 12, 12, 2006, 1, 1, 32, l2, True, squared_hinge, True, 50, 64, 422828, 1617, 681, 0.0380725758477097, 0.08590604026845637, 0.05276174773289365, 0.5410481796955376
2, 2005, 2005, 12, 12, 2006, 1, 1, 32, l1, True, squared_hinge, True, 50, 342, 422577, 1868, 403, 0.15475113122171946, 0.4590604026845638, 0.23147208121827412, 0.7273296806623352
3, 2005, 2005, 12, 12, 2006, 1, 1, 32, elasticnet, True, squared_hinge, True, 50, 280, 422693, 1752, 465, 0.1377952755905512, 0.37583892617449666, 0.2016564638098668, 0.6858555914431012
4, 2005, 2005, 12, 12, 2006, 1, 1, 32, none, False, squared_hinge, True, 50, 315, 422722, 1723, 430, 0.15456329735034346, 0.4228187919463087, 0.2263744160977363, 0.7093796865879571
5, 2005, 2005, 12, 12, 2006, 1, 1, 32, l2, False, squared_hinge, True, 50, 331, 422231, 2214, 414, 0.1300589390962672, 0.4442953020134228, 0.20121580547112464, 0.7195395392372241
6, 2005, 2005, 12, 12, 2006, 1, 1, 32, l1, False, squared_hinge, True, 50, 343, 421981, 2464, 402, 0.12219451371571072, 0.4604026845637584, 0.19313063063063063, 0.727298728280065
7, 2005, 2005, 12, 12, 2006, 1, 1, 32, elasticnet, False, squared_hinge, True, 50, 7, 418743, 5702, 738, 0.0012261341741110527, 0.009395973154362415, 0.0021691973969631237, 0.49798097966226884
