test#, training_year_first, training_year_last, training_month_first, training_month_last, testing_year, testing_month_first, testing_month_last, num_features, penalty, fit_intercept, loss, shuffle, num_iter, true_pos, true_neg, false_pos, false_neg, precision, recall, f1-score, AUROC
0, 1993, 2014, 1, 12, 2015, 1, 1, 29, none, True, squared_hinge, True, 50, 1920, 295100, 10676, 5706, 0.15242934264845984, 0.25177025963808025, 0.18989219661754525, 0.6084279062305309
1, 1993, 2014, 1, 12, 2015, 1, 1, 29, l2, True, squared_hinge, True, 50, 1765, 295128, 10648, 5861, 0.14218963989365987, 0.23144505638604773, 0.17615649483507162, 0.5983110897544284
2, 1993, 2014, 1, 12, 2015, 1, 1, 29, l1, True, squared_hinge, True, 50, 1696, 293873, 11903, 5930, 0.1247150525773954, 0.22239706268030424, 0.159811542991755, 0.5917349370750692
3, 1993, 2014, 1, 12, 2015, 1, 1, 29, elasticnet, True, squared_hinge, True, 50, 1811, 292508, 13268, 5815, 0.12010080244048013, 0.23747705218987675, 0.15952433384717024, 0.5970429057715644
4, 1993, 2014, 1, 12, 2015, 1, 1, 29, none, False, squared_hinge, True, 50, 2418, 289316, 16460, 5208, 0.128085602288378, 0.3170731707317073, 0.18246302444913975, 0.6316214579523223
5, 1993, 2014, 1, 12, 2015, 1, 1, 29, l2, False, squared_hinge, True, 50, 2050, 292548, 13228, 5576, 0.13417986647466945, 0.26881720430107525, 0.1790080335312609, 0.6127783891841831
6, 1993, 2014, 1, 12, 2015, 1, 1, 29, l1, False, squared_hinge, True, 50, 4415, 295441, 10335, 3211, 0.2993220338983051, 0.5789404668240231, 0.39461923489452994, 0.7725706075420938
7, 1993, 2014, 1, 12, 2015, 1, 1, 29, elasticnet, False, squared_hinge, True, 50, 1848, 293907, 11869, 5778, 0.1347233360064154, 0.24232887490165225, 0.17317153164972124, 0.6017564394392098
