test#, training_year_first, training_year_last, training_month_first, training_month_last, testing_year, testing_month_first, testing_month_last, penalty, fit_intercept, loss, shuffle, num_iter, true_pos, true_neg, false_pos, false_neg, precision, recall, f1-score, AUROC
0, 2014, 2014, 7, 12, 2015, 1, 1, none, True, squared_hinge, True, 50, 3129, 299745, 6031, 4497, 0.3415938864628821, 0.4103068450039339, 0.37281067556296904, 0.6952916282473491
1, 2014, 2014, 7, 12, 2015, 1, 1, l2, True, squared_hinge, True, 50, 1555, 298572, 7204, 6071, 0.17753168169882408, 0.2039076842381327, 0.18980775099176075, 0.5901739771198512
2, 2014, 2014, 7, 12, 2015, 1, 1, l1, True, squared_hinge, True, 50, 1369, 299755, 6021, 6257, 0.18525033829499324, 0.17951744033569367, 0.18233883857218966, 0.5799132777524839
3, 2014, 2014, 7, 12, 2015, 1, 1, elasticnet, True, squared_hinge, True, 50, 1499, 299017, 6759, 6127, 0.18152094938241706, 0.1965643849986887, 0.1887433895744145, 0.5872299843469714
4, 2014, 2014, 7, 12, 2015, 1, 1, none, False, squared_hinge, True, 50, 4095, 295542, 10234, 3531, 0.28578407425500735, 0.536978756884343, 0.3730357549533136, 0.7517549061487281
5, 2014, 2014, 7, 12, 2015, 1, 1, l2, False, squared_hinge, True, 50, 1884, 296676, 9100, 5742, 0.1715222141296431, 0.24704956726986624, 0.20247178936055882, 0.6086446099129929
6, 2014, 2014, 7, 12, 2015, 1, 1, l1, False, squared_hinge, True, 50, 4110, 293432, 12344, 3516, 0.24978728576637899, 0.5389457120377655, 0.34136212624584716, 0.7492881456426597
7, 2014, 2014, 7, 12, 2015, 1, 1, elasticnet, False, squared_hinge, True, 50, 3897, 296757, 9019, 3729, 0.3017187983895943, 0.511014948859166, 0.37941777821049555, 0.7407597506056073
