,test#, training_year_first, training_year_last, training_month_first, training_month_last, testing_year, testing_month_first, testing_month_last,num_features, penalty, fit_intercept, loss, shuffle, num_iter, true_pos, true_neg, false_pos, false_neg, precision, recall, f1-score, AUROC
0,0,2014,2014,7,12,2015,1,1,27, none, True, squared_hinge, True,50,1277,286340,19436,6349,0.06165210254429585,0.16745344872803564,0.0901231518402202,0.5519452895882343
1,1,2014,2014,7,12,2015,1,1,27, l2, True, squared_hinge, True,50,835,288790,16986,6791,0.0468548341843892,0.1094938368738526,0.06562659645537784,0.5269716842785881
2,2,2014,2014,7,12,2015,1,1,27, l1, True, squared_hinge, True,50,1123,288239,17537,6503,0.06018220793140407,0.14725937581956464,0.08544472342691926,0.5449534674085003
3,3,2014,2014,7,12,2015,1,1,27, elasticnet, True, squared_hinge, True,50,1140,291085,14691,6486,0.07201061209020276,0.14948859166011014,0.09719913032357078,0.5507218087807118
4,4,2014,2014,7,12,2015,1,1,27, none, False, squared_hinge, True,50,1195,285839,19937,6431,0.05654930910467538,0.15670076055599266,0.08310730927046386,0.5457497183555433
5,5,2014,2014,7,12,2015,1,1,27, l2, False, squared_hinge, True,50,1037,283793,21983,6589,0.045047784535186784,0.13598216627327564,0.0676760425504144,0.5320448349026364
6,6,2014,2014,7,12,2015,1,1,27, l1, False, squared_hinge, True,50,1521,281953,23823,6105,0.06001420454545455,0.1994492525570417,0.09226569608735216,0.5607696396216217
7,7,2014,2014,7,12,2015,1,1,27, elasticnet, False, squared_hinge, True,50,1474,281412,24364,6152,0.05704775911448255,0.1932861264096512,0.08809466889792016,0.5568034420442375
