,test#, training_year_first, training_year_last, training_month_first, training_month_last, testing_year, testing_month_first, testing_month_last,num_features, penalty, fit_intercept, loss, shuffle, num_iter, true_pos, true_neg, false_pos, false_neg, precision, recall, f1-score, AUROC
0,0,1993,2014,1,12,2015,1,1,33, none, True, squared_hinge, True,50,4260,291570,14206,3366,0.23069424888985166,0.5586152635719905,0.3265368695385559,0.7560782089405136
1,1,1993,2014,1,12,2015,1,1,33, l2, True, squared_hinge, True,50,1629,294432,11344,5997,0.1255684883989825,0.21361132966168367,0.15816301762221469,0.5882561383801067
2,2,1993,2014,1,12,2015,1,1,33, l1, True, squared_hinge, True,50,1895,294102,11674,5731,0.13965657012307467,0.2484920010490428,0.17881575843359285,0.6051568633783753
3,3,1993,2014,1,12,2015,1,1,33, elasticnet, True, squared_hinge, True,50,1655,294297,11479,5971,0.1260088320389828,0.2170207185942827,0.15944123314065511,0.5897400830164653
4,4,1993,2014,1,12,2015,1,1,33, none, False, squared_hinge, True,50,2230,289010,16766,5396,0.11739313539692567,0.2924206661421453,0.1675306137780783,0.6187948393763418
5,5,1993,2014,1,12,2015,1,1,33, l2, False, squared_hinge, True,50,4414,290239,15537,3212,0.22124204300536315,0.5788093364804616,0.32012184066432176,0.7639988155899248
6,6,1993,2014,1,12,2015,1,1,33, l1, False, squared_hinge, True,50,4479,291845,13931,3147,0.2432916892992939,0.5873328088119589,0.3440620679059763,0.770886657140007
7,7,1993,2014,1,12,2015,1,1,33, elasticnet, False, squared_hinge, True,50,4396,293479,12297,3230,0.26334391661175344,0.5764489902963545,0.3615280233562235,0.7681166384164522
