test#,filter_repeat, training_year_first, training_year_last, training_month_first, training_month_last, testing_year, testing_month_first, testing_month_last, features, penalty, fit_intercept, loss, shuffle, num_iter, true_pos, true_neg, false_pos, false_neg, precision, recall, f1-score, AUROC
0,False,2011,2011,12,12,2012,1,1, CUPLS, none, True, squared_hinge, True,50,1119,5024781,13090,1781,0.0787529030895911,0.3858620689655172,0.1308083464843065,0.6916318745796963
1,False,2011,2011,12,12,2012,1,1, CUPLS, l2, True, squared_hinge, True,50,1103,5023973,13898,1797,0.07352843143790412,0.3803448275862069,0.12323333891961342,0.6887930612848713
2,False,2011,2011,12,12,2012,1,1, CUPLS, l1, True, squared_hinge, True,50,1330,5017014,20857,1570,0.059945012845359885,0.4586206896551724,0.10603101207796868,0.7272403235825007
3,False,2011,2011,12,12,2012,1,1, CUPLS, elasticnet, True, squared_hinge, True,50,1294,5014823,23048,1606,0.05315914879631912,0.4462068965517241,0.09500036708024374,0.7208159740630448
4,False,2011,2011,12,12,2012,1,1, CUPLS, none, False, squared_hinge, True,50,1177,5024185,13686,1723,0.07918993473726704,0.4058620689655173,0.1325226594606767,0.7015727226085562
5,False,2011,2011,12,12,2012,1,1, CUPLS, l2, False, squared_hinge, True,50,19,5037869,2,2881,0.9047619047619048,0.006551724137931035,0.013009243409791166,0.5032756635724179
6,False,2011,2011,12,12,2012,1,1, CUPLS, l1, False, squared_hinge, True,50,1187,5023524,14347,1713,0.07641302948371315,0.4093103448275862,0.12878376912227407,0.7032312574306583
7,False,2011,2011,12,12,2012,1,1, CUPLS, elasticnet, False, squared_hinge, True,50,19,5037869,2,2881,0.9047619047619048,0.006551724137931035,0.013009243409791166,0.5032756635724179
