,test#, training_year_first, training_year_last, training_month_first, training_month_last, testing_year, testing_month_first, testing_month_last,num_features, penalty, fit_intercept, loss, shuffle, num_iter, true_pos, true_neg, false_pos, false_neg, precision, recall, f1-score, AUROC
0,0,2014,2014,7,12,2015,1,1,29, none, True, squared_hinge, True,50,1346,298331,7445,6280,0.15311113638948926,0.1765014424337792,0.16397636596211246,0.5760767768916321
1,1,2014,2014,7,12,2015,1,1,29, l2, True, squared_hinge, True,50,1448,299183,6593,6178,0.18007710483770675,0.1898767374770522,0.18484713091210825,0.5841576011177841
2,2,2014,2014,7,12,2015,1,1,29, l1, True, squared_hinge, True,50,1923,295958,9818,5703,0.16378502682906054,0.2521636506687647,0.1985852222853307,0.6100275895539418
3,3,2014,2014,7,12,2015,1,1,29, elasticnet, True, squared_hinge, True,50,1366,299281,6495,6260,0.17376924055463686,0.1791240493050092,0.17640601795053915,0.5789415050564605
4,4,2014,2014,7,12,2015,1,1,29, none, False, squared_hinge, True,50,1929,295824,9952,5697,0.16236007070111946,0.2529504327301337,0.19777515763572048,0.6102018659386109
5,5,2014,2014,7,12,2015,1,1,29, l2, False, squared_hinge, True,50,4053,291502,14274,3573,0.22114912424292027,0.53147128245476,0.31233383423881633,0.7423950258749652
6,6,2014,2014,7,12,2015,1,1,29, l1, False, squared_hinge, True,50,3843,295809,9967,3783,0.2782766111513396,0.503933910306845,0.3585557006904273,0.7356690769680841
7,7,2014,2014,7,12,2015,1,1,29, elasticnet, False, squared_hinge, True,50,3989,296893,8883,3637,0.3098974518334369,0.5230789404668239,0.3892087032881257,0.7470141314233025
