test#, training_year_first, training_year_last, training_month_first, training_month_last, testing_year, testing_month_first, testing_month_last, penalty, fit_intercept, loss, shuffle, num_iter, true_pos, true_neg, false_pos, false_neg, precision, recall, f1-score, AUROC
0, 2014, 2014, 12, 12, 2015, 1, 1, none, True, squared_hinge, True, 50, 1443, 287825, 17951, 6183, 0.07440445498607817, 0.18922108575924468, 0.10680977054034048, 0.5652573562331884
1, 2014, 2014, 12, 12, 2015, 1, 1, l2, True, squared_hinge, True, 50, 1262, 291362, 14414, 6364, 0.0805052309262567, 0.16548649357461317, 0.10831688267101536, 0.5591737056853234
2, 2014, 2014, 12, 12, 2015, 1, 1, l1, True, squared_hinge, True, 50, 1499, 288286, 17490, 6127, 0.07894043920164305, 0.1965643849986887, 0.11264324628968628, 0.5696828256425602
3, 2014, 2014, 12, 12, 2015, 1, 1, elasticnet, True, squared_hinge, True, 50, 1332, 287215, 18561, 6294, 0.06695822651183833, 0.17466561762391816, 0.09680584323558268, 0.5569821599709773
4, 2014, 2014, 12, 12, 2015, 1, 1, none, False, squared_hinge, True, 50, 1528, 280482, 25294, 6098, 0.056968160465289686, 0.2003671649619722, 0.08871342313051556, 0.5588232402696942
5, 2014, 2014, 12, 12, 2015, 1, 1, l2, False, squared_hinge, True, 50, 1713, 284743, 21033, 5913, 0.07530994460564495, 0.22462627852084974, 0.1128012643224022, 0.577920315755637
6, 2014, 2014, 12, 12, 2015, 1, 1, l1, False, squared_hinge, True, 50, 1379, 285974, 19802, 6247, 0.0651055190973042, 0.18082874377130867, 0.09574061859964592, 0.5580344597931421
7, 2014, 2014, 12, 12, 2015, 1, 1, elasticnet, False, squared_hinge, True, 50, 1468, 285582, 20194, 6158, 0.06776844243375496, 0.1924993443482822, 0.10024583447145588, 0.5632287679828376
