test#, training_year_first, training_year_last, training_month_first, training_month_last, testing_year, testing_month_first, testing_month_last, num_features, penalty, fit_intercept, loss, shuffle, num_iter, true_pos, true_neg, false_pos, false_neg, precision, recall, f1-score, AUROC
0, 1993, 2014, 1, 12, 2015, 1, 1, 29, none, True, squared_hinge, True, 50, 2002, 290503, 15273, 5624, 0.11589001447178003, 0.26252294781012325, 0.16079675515039554, 0.6062873098110844
1, 1993, 2014, 1, 12, 2015, 1, 1, 29, l2, True, squared_hinge, True, 50, 2033, 294556, 11220, 5593, 0.1533992303629367, 0.2665879884605298, 0.19474112744863264, 0.6149472305862902
2, 1993, 2014, 1, 12, 2015, 1, 1, 29, l1, True, squared_hinge, True, 50, 1973, 294732, 11044, 5653, 0.15157102250902665, 0.25872016784683977, 0.19115438647483407, 0.611301112650331
3, 1993, 2014, 1, 12, 2015, 1, 1, 29, elasticnet, True, squared_hinge, True, 50, 1726, 295049, 10727, 5900, 0.13860114028748094, 0.22633097298714921, 0.17192091239603569, 0.5956248685248655
4, 1993, 2014, 1, 12, 2015, 1, 1, 29, none, False, squared_hinge, True, 50, 4164, 290281, 15495, 3462, 0.211811384098886, 0.5460267505900865, 0.30522264980758657, 0.7476762003696076
5, 1993, 2014, 1, 12, 2015, 1, 1, 29, l2, False, squared_hinge, True, 50, 4446, 293443, 12333, 3180, 0.2649740747362775, 0.5830055074744296, 0.3643515673017824, 0.7713360303841721
6, 1993, 2014, 1, 12, 2015, 1, 1, 29, l1, False, squared_hinge, True, 50, 4186, 292915, 12861, 3440, 0.24555640288613834, 0.5489116181484396, 0.3393182831435172, 0.7534257086085194
7, 1993, 2014, 1, 12, 2015, 1, 1, 29, elasticnet, False, squared_hinge, True, 50, 4377, 290408, 15368, 3249, 0.22167637376551025, 0.5739575137686861, 0.3198275547111906, 0.7618492503174444
