,test#, training_year_first, training_year_last, training_month_first, training_month_last, testing_year, testing_month_first, testing_month_last,num_features, penalty, fit_intercept, loss, shuffle, num_iter, true_pos, true_neg, false_pos, false_neg, precision, recall, f1-score, AUROC
0,0,2014,2014,7,12,2015,1,1,33, none, True, squared_hinge, True,50,1155,297546,8230,6471,0.12306872669152905,0.15145554681353265,0.13579448592087473,0.5622702097000005
1,1,2014,2014,7,12,2015,1,1,33, l2, True, squared_hinge, True,50,1358,299113,6663,6268,0.16930557287121306,0.17807500655651715,0.17357959992330796,0.5781422727827323
2,2,2014,2014,7,12,2015,1,1,33, l1, True, squared_hinge, True,50,3660,298486,7290,3966,0.33424657534246577,0.4799370574350905,0.3940568475452197,0.7280480379007381
3,3,2014,2014,7,12,2015,1,1,33, elasticnet, True, squared_hinge, True,50,1600,298293,7483,6026,0.17615325333039744,0.2098085496984002,0.1915135555688551,0.5926681935347737
4,4,2014,2014,7,12,2015,1,1,33, none, False, squared_hinge, True,50,3992,296811,8965,3634,0.30809600987883,0.5234723314975085,0.38789292134285575,0.7470767418567549
5,5,2014,2014,7,12,2015,1,1,33, l2, False, squared_hinge, True,50,3800,295313,10463,3826,0.2664236135455374,0.4982953055337005,0.347206359358582,0.73203872335447
6,6,2014,2014,7,12,2015,1,1,33, l1, False, squared_hinge, True,50,4107,293481,12295,3519,0.2503962931349835,0.5385523210070811,0.3418511736307641,0.7491715741396664
7,7,2014,2014,7,12,2015,1,1,33, elasticnet, False, squared_hinge, True,50,4050,296049,9727,3576,0.29396820788270306,0.5310778914240756,0.3784516189319254,0.7496335116688166
