test#, training_year_first, training_year_last, training_month_first, training_month_last, testing_year, testing_month_first, testing_month_last, penalty, fit_intercept, loss, shuffle, num_iter, true_pos, true_neg, false_pos, false_neg, precision, recall, f1-score, AUROC
0, 2013, 2014, 1, 12, 2015, 1, 1, none, True, squared_hinge, True, 50, 1134, 267944, 37832, 6492, 0.029102294307858132, 0.14870180959874116, 0.04867788461538461, 0.5124886265303109
1, 2013, 2014, 1, 12, 2015, 1, 1, l2, True, squared_hinge, True, 50, 1100, 287267, 18509, 6526, 0.05609669029527258, 0.14424337791765016, 0.08077841013401872, 0.5418560696819688
2, 2013, 2014, 1, 12, 2015, 1, 1, l1, True, squared_hinge, True, 50, 1147, 286160, 19616, 6479, 0.055242498675528585, 0.15040650406504066, 0.08080594596498644, 0.5431274841501489
3, 2013, 2014, 1, 12, 2015, 1, 1, elasticnet, True, squared_hinge, True, 50, 1180, 265831, 39945, 6446, 0.028693009118541033, 0.15473380540257015, 0.04840926339972513, 0.5120494807976694
4, 2013, 2014, 1, 12, 2015, 1, 1, none, False, squared_hinge, True, 50, 1267, 269589, 36187, 6359, 0.033828162546056494, 0.16614214529242066, 0.056211180124223596, 0.5238986719345783
5, 2013, 2014, 1, 12, 2015, 1, 1, l2, False, squared_hinge, True, 50, 1636, 257393, 48383, 5990, 0.03270757112297327, 0.21452924206661422, 0.05676121085957151, 0.5281495171664242
6, 2013, 2014, 1, 12, 2015, 1, 1, l1, False, squared_hinge, True, 50, 2196, 259436, 46340, 5430, 0.04524476677105654, 0.2879622344610543, 0.07820234322139526, 0.5682066941234162
7, 2013, 2014, 1, 12, 2015, 1, 1, elasticnet, False, squared_hinge, True, 50, 2006, 259593, 46183, 5620, 0.04162775737201436, 0.2630474691843693, 0.0718803189106871, 0.5560060353613753
