test#, training_year_first, training_year_last, training_month_first, training_month_last, testing_year, testing_month_first, testing_month_last, num_features, penalty, fit_intercept, loss, shuffle, num_iter, true_pos, true_neg, false_pos, false_neg, precision, recall, f1-score, AUROC
0, 2013, 2014, 1, 12, 2015, 1, 1, 33, none, True, squared_hinge, True, 50, 1648, 297142, 8634, 5978, 0.16028010114763663, 0.2161028061893522, 0.18405182041545673, 0.5939332250820133
1, 2013, 2014, 1, 12, 2015, 1, 1, 33, l2, True, squared_hinge, True, 50, 1477, 297903, 7873, 6149, 0.15796791443850267, 0.19367951744033568, 0.1740103675777568, 0.5839659556748013
2, 2013, 2014, 1, 12, 2015, 1, 1, 33, l1, True, squared_hinge, True, 50, 1472, 298265, 7511, 6154, 0.1638650784815763, 0.1930238657225282, 0.17725329640556323, 0.5842300663969242
3, 2013, 2014, 1, 12, 2015, 1, 1, 33, elasticnet, True, squared_hinge, True, 50, 1552, 297029, 8747, 6074, 0.15069424215943295, 0.2035142932074482, 0.17316596931659695, 0.5874541928074811
4, 2013, 2014, 1, 12, 2015, 1, 1, 33, none, False, squared_hinge, True, 50, 1800, 296065, 9711, 5826, 0.1563721657544957, 0.23603461841070023, 0.18811725975858284, 0.6021380381049367
5, 2013, 2014, 1, 12, 2015, 1, 1, 33, l2, False, squared_hinge, True, 50, 2057, 293925, 11851, 5569, 0.14790048892723612, 0.26973511670600575, 0.19104671681991267, 0.6154889936520453
6, 2013, 2014, 1, 12, 2015, 1, 1, 33, l1, False, squared_hinge, True, 50, 1977, 294120, 11656, 5649, 0.14501577055673734, 0.25924468922108573, 0.18599181523119618, 0.6105626407750554
7, 2013, 2014, 1, 12, 2015, 1, 1, 33, elasticnet, False, squared_hinge, True, 50, 4167, 292356, 13420, 3459, 0.2369363734576676, 0.546420141620771, 0.3305437671042716, 0.7512659025303374
