,test#, training_year_first, training_year_last, training_month_first, training_month_last, testing_year, testing_month_first, testing_month_last,num_features, penalty, fit_intercept, loss, shuffle, num_iter, true_pos, true_neg, false_pos, false_neg, precision, recall, f1-score, AUROC
0,0,2014,2014,7,12,2015,1,1,27, none, True, squared_hinge, True,50,1047,291921,13855,6579,0.07025902563414307,0.13729346970889064,0.09295099431818184,0.5459912615668099
1,1,2014,2014,7,12,2015,1,1,27, l2, True, squared_hinge, True,50,1082,291157,14619,6544,0.06891280810139483,0.14188303173354316,0.09276803703862477,0.5470367620600634
2,2,2014,2014,7,12,2015,1,1,27, l1, True, squared_hinge, True,50,927,289109,16667,6699,0.05268841650562692,0.12155782848151063,0.07351308485329103,0.5335253037546478
3,3,2014,2014,7,12,2015,1,1,27, elasticnet, True, squared_hinge, True,50,1155,287950,17826,6471,0.060850324008218735,0.15145554681353265,0.08681925808997631,0.5465789847510183
4,4,2014,2014,7,12,2015,1,1,27, none, False, squared_hinge, True,50,1207,286705,19071,6419,0.059522635368379526,0.15827432467873065,0.08651089449541284,0.5479525696963848
5,5,2014,2014,7,12,2015,1,1,27, l2, False, squared_hinge, True,50,1388,282060,23716,6238,0.055289993626513705,0.18200891686336215,0.08481515429269784,0.5522244364548091
6,6,2014,2014,7,12,2015,1,1,27, l1, False, squared_hinge, True,50,1192,284369,21407,6434,0.052745696712243904,0.15630736952530816,0.07887510339123242,0.5431493024697338
7,7,2014,2014,7,12,2015,1,1,27, elasticnet, False, squared_hinge, True,50,1214,285422,20354,6412,0.05628709198813056,0.15919223708366115,0.08316777420017811,0.5463135849224491
