test#, training_year_first, training_year_last, training_month_first, training_month_last, testing_year, testing_month_first, testing_month_last,num_features, penalty, fit_intercept, loss, shuffle, num_iter, true_pos, true_neg, false_pos, false_neg, precision, recall, f1-score, AUROC
0,2013,2014,1,12,2015,1,1,29, none, True, squared_hinge, True,50,1764,296778,8998,5862,0.16391005389332838,0.23131392604248624,0.1918642592995432,0.6009435780597028
1,2013,2014,1,12,2015,1,1,29, l2, True, squared_hinge, True,50,1669,296071,9705,5957,0.14673817478459644,0.2188565434041437,0.1756842105263158,0.5935588117052114
2,2013,2014,1,12,2015,1,1,29, l1, True, squared_hinge, True,50,1584,296462,9314,6042,0.1453477702330703,0.2077104642014162,0.17102137767220904,0.5886251290187134
3,2013,2014,1,12,2015,1,1,29, elasticnet, True, squared_hinge, True,50,1607,297084,8692,6019,0.15603456646276334,0.2107264621033307,0.179302649930265,0.5911502123713241
4,2013,2014,1,12,2015,1,1,29, none, False, squared_hinge, True,50,4172,294158,11618,3454,0.2642178594046865,0.5470757933385786,0.35633754697642644,0.7545403298229705
5,2013,2014,1,12,2015,1,1,29, l2, False, squared_hinge, True,50,4041,294750,11026,3585,0.2682020309285193,0.529897718332022,0.35614506676067514,0.746919321203581
6,2013,2014,1,12,2015,1,1,29, l1, False, squared_hinge, True,50,4207,292948,12828,3419,0.2469621367772233,0.5516653553632309,0.3411864887879648,0.7548565382854563
7,2013,2014,1,12,2015,1,1,29, elasticnet, False, squared_hinge, True,50,2034,294272,11504,5592,0.15024375830994238,0.2667191188040913,0.1922131922131922,0.6145484035232324
