test#, penalty, fit_intercept, loss, shuffle, num_iter, true_pos, true_neg, false_pos, false_neg, precision, recall, f1-score, AUROC
0, none, True, squared_hinge, True, 50, 1587, 298849, 6927, 6039, 0.18639887244538408, 0.2081038552321007, 0.19665427509293681, 0.5927250085641954
1, l2, True, squared_hinge, True, 50, 1406, 298859, 6917, 6220, 0.168929472545957, 0.18436926304746917, 0.1763119944824127, 0.5808740643111344
2, l1, True, squared_hinge, True, 50, 3881, 291330, 14446, 3745, 0.21176406394936434, 0.508916863362182, 0.2990791045351212, 0.7308365646934922
3, elasticnet, True, squared_hinge, True, 50, 1502, 299139, 6637, 6124, 0.18454355571937583, 0.1969577760293732, 0.19054868379321283, 0.5876261723012232
4, none, False, squared_hinge, True, 50, 3793, 298413, 7363, 3833, 0.3399964144854787, 0.49737739312877, 0.40389734852518366, 0.7366488373210173
5, l2, False, squared_hinge, True, 50, 3959, 297439, 8337, 3667, 0.32197462589459985, 0.519145030159979, 0.3974500552153398, 0.7459399866931965
6, l1, False, squared_hinge, True, 50, 1924, 295951, 9825, 5702, 0.16375861775470252, 0.2522947810123263, 0.19860645161290322, 0.6100817084382442
7, elasticnet, False, squared_hinge, True, 50, 4096, 293801, 11975, 3530, 0.25486901872938833, 0.5371098872279045, 0.34569776764991356, 0.7489736161062341
