test#, training_year_first, training_year_last, training_month_first, training_month_last, testing_year, testing_month_first, testing_month_last, num_features, penalty, fit_intercept, loss, shuffle, num_iter, true_pos, true_neg, false_pos, false_neg, precision, recall, f1-score, AUROC
0, 1993, 2014, 1, 12, 2015, 1, 1, 29, none, True, squared_hinge, True, 50, 1225, 295621, 10155, 6401, 0.10764499121265378, 0.16063467086283767, 0.12890666105440388, 0.5637120426680888
1, 1993, 2014, 1, 12, 2015, 1, 1, 29, l2, True, squared_hinge, True, 50, 2014, 294247, 11529, 5612, 0.1487115114819464, 0.26409651193286127, 0.1902782370447352, 0.6131962204894802
2, 1993, 2014, 1, 12, 2015, 1, 1, 29, l1, True, squared_hinge, True, 50, 1747, 296029, 9747, 5879, 0.1519923438315643, 0.22908471020194074, 0.1827405857740586, 0.5986042173792394
3, 1993, 2014, 1, 12, 2015, 1, 1, 29, elasticnet, True, squared_hinge, True, 50, 1718, 294454, 11322, 5908, 0.1317484662576687, 0.22528193023865722, 0.16626342785251133, 0.5941274127149542
4, 1993, 2014, 1, 12, 2015, 1, 1, 29, none, False, squared_hinge, True, 50, 2047, 292167, 13609, 5579, 0.13074859478794074, 0.2684238132703908, 0.1758439996563869, 0.6119586885932301
5, 1993, 2014, 1, 12, 2015, 1, 1, 29, l2, False, squared_hinge, True, 50, 3861, 292270, 13506, 3765, 0.22231818967006392, 0.506294256490952, 0.3089665106229745, 0.731062334147836
6, 1993, 2014, 1, 12, 2015, 1, 1, 29, l1, False, squared_hinge, True, 50, 2159, 290855, 14921, 5467, 0.12640515222482435, 0.28311041174927876, 0.17477535821257995, 0.617156626522434
7, 1993, 2014, 1, 12, 2015, 1, 1, 29, elasticnet, False, squared_hinge, True, 50, 3825, 292608, 13168, 3801, 0.22509268522332726, 0.501573564122738, 0.31073561070717737, 0.7292546801305437
