test#, training_year_first, training_year_last, training_month_first, training_month_last, testing_year, testing_month_first, testing_month_last, penalty, fit_intercept, loss, shuffle, num_iter, true_pos, true_neg, false_pos, false_neg, precision, recall, f1-score, AUROC
0,2014,2014,1,12,2015,1,1, none, True, squared_hinge, True,50,3848,294294,11482,3778,0.251011089,0.504589562,0.335250044,0.733519599
1,2014,2014,1,12,2015,1,1, l2, True, squared_hinge, True,50,3749,295840,9936,3877,0.27394958,0.491607658,0.351837079,0.729556642
2,2014,2014,1,12,2015,1,1, l1, True, squared_hinge, True,50,1673,298416,7360,5953,0.185209786,0.219381065,0.200852392,0.597655579
3,2014,2014,1,12,2015,1,1, elasticnet, True, squared_hinge, True,50,1555,298232,7544,6071,0.170897901,0.203907684,0.185949178,0.589618015
4,2014,2014,1,12,2015,1,1, none, False, squared_hinge, True,50,4087,296500,9276,3539,0.305844496,0.535929714,0.389442089,0.752796891
5,2014,2014,1,12,2015,1,1, l2, False, squared_hinge, True,50,2021,296060,9716,5605,0.172190509,0.265014424,0.208748644,0.616619765
6,2014,2014,1,12,2015,1,1, l1, False, squared_hinge, True,50,4135,294587,11189,3491,0.269838162,0.542223971,0.360348584,0.752815912
7,2014,2014,1,12,2015,1,1, elasticnet, False, squared_hinge, True,50,4135,292631,13145,3491,0.239293981,0.542223971,0.332048502,0.749617493
