test#, training_year_first, training_year_last, training_month_first, training_month_last, testing_year, testing_month_first, testing_month_last, penalty, fit_intercept, loss, shuffle, num_iter, true_pos, true_neg, false_pos, false_neg, precision, recall, f1-score, AUROC
0, 2014, 2014, 7, 12, 2015, 1, 1, none, True, squared_hinge, True, 50, 3184, 299674, 6102, 4442, 0.3428817574843851, 0.41751901389981644, 0.37653736991485337, 0.6987816146365807
1, 2014, 2014, 7, 12, 2015, 1, 1, l2, True, squared_hinge, True, 50, 3580, 298391, 7385, 4046, 0.3264933880528956, 0.46944662995017045, 0.3851325910386746, 0.7226474816853568
2, 2014, 2014, 7, 12, 2015, 1, 1, l1, True, squared_hinge, True, 50, 1318, 299451, 6325, 6308, 0.17244537485280648, 0.17282979281405716, 0.1726373698343048, 0.5760723580783174
3, 2014, 2014, 7, 12, 2015, 1, 1, elasticnet, True, squared_hinge, True, 50, 3410, 298288, 7488, 4216, 0.3129014498073041, 0.44715447154471544, 0.36817102137767227, 0.711332978538304
4, 2014, 2014, 7, 12, 2015, 1, 1, none, False, squared_hinge, True, 50, 4076, 292657, 13119, 3550, 0.23704565280604828, 0.5344872803566746, 0.32843157004149715, 0.745791662259861
5, 2014, 2014, 7, 12, 2015, 1, 1, l2, False, squared_hinge, True, 50, 4098, 295723, 10053, 3528, 0.28959084163663346, 0.5373721479150275, 0.37636038021766083, 0.7522475699545835
6, 2014, 2014, 7, 12, 2015, 1, 1, l1, False, squared_hinge, True, 50, 3978, 296182, 9594, 3648, 0.29310344827586204, 0.5216365066876475, 0.3753184262666289, 0.7451302987626924
7, 2014, 2014, 7, 12, 2015, 1, 1, elasticnet, False, squared_hinge, True, 50, 3909, 296818, 8958, 3717, 0.30380041967824667, 0.512588512981904, 0.38149612062655536, 0.7416462788864311
