test#, training_year_first, training_year_last, training_month_first, training_month_last, testing_year, testing_month_first, testing_month_last, penalty, fit_intercept, loss, shuffle, num_iter, true_pos, true_neg, false_pos, false_neg, precision, recall, f1-score, AUROC
0, 2014, 2014, 7, 12, 2015, 1, 1, none, True, squared_hinge, True, 50, 1243, 290313, 15463, 6383, 0.07440440560277745, 0.16299501704694466, 0.10216998191681737, 0.5562126594836524
1, 2014, 2014, 7, 12, 2015, 1, 1, l2, True, squared_hinge, True, 50, 791, 289196, 16580, 6835, 0.04553566288641989, 0.10372410175714661, 0.06328759451134136, 0.5247507013939833
2, 2014, 2014, 7, 12, 2015, 1, 1, l1, True, squared_hinge, True, 50, 1214, 290122, 15654, 6412, 0.07197059520986483, 0.15919223708366115, 0.09912631664897525, 0.5539989493722424
3, 2014, 2014, 7, 12, 2015, 1, 1, elasticnet, True, squared_hinge, True, 50, 769, 290866, 14910, 6857, 0.04904649531220103, 0.1008392341987936, 0.06599442179789745, 0.5260390247703717
4, 2014, 2014, 7, 12, 2015, 1, 1, none, False, squared_hinge, True, 50, 1360, 281923, 23853, 6266, 0.053940427557212546, 0.17833726724364019, 0.08282834434666098, 0.5501645914471562
5, 2014, 2014, 7, 12, 2015, 1, 1, l2, False, squared_hinge, True, 50, 1236, 285632, 20144, 6390, 0.0578110383536015, 0.16207710464201416, 0.08522374681100463, 0.5480994073259781
6, 2014, 2014, 7, 12, 2015, 1, 1, l1, False, squared_hinge, True, 50, 1256, 284065, 21711, 6370, 0.05468715983802848, 0.16469971151324417, 0.08211028666688458, 0.5468483775503535
7, 2014, 2014, 7, 12, 2015, 1, 1, elasticnet, False, squared_hinge, True, 50, 1341, 282368, 23408, 6285, 0.05418400743464383, 0.17584579071597167, 0.08284169884169884, 0.5496465100301641
