,test#, training_year_first, training_year_last, training_month_first, training_month_last, testing_year, testing_month_first, testing_month_last,num_features, penalty, fit_intercept, loss, shuffle, num_iter, true_pos, true_neg, false_pos, false_neg, precision, recall, f1-score, AUROC
0,0,2013,2014,1,12,2015,1,1,27, none, True, squared_hinge, True,50,1010,263705,42071,6616,0.023444209744434903,0.13244164699711514,0.03983670893564991,0.4974270005693544
1,1,2013,2014,1,12,2015,1,1,27, l2, True, squared_hinge, True,50,1088,264590,41186,6538,0.02573685953541184,0.14266981379491214,0.04360721442885772,0.5039882217423098
2,2,2013,2014,1,12,2015,1,1,27, l1, True, squared_hinge, True,50,1184,267890,37886,6442,0.030304581520348088,0.15525832677681614,0.0507109816686654,0.5156785851873721
3,3,2013,2014,1,12,2015,1,1,27, elasticnet, True, squared_hinge, True,50,1139,267038,38738,6487,0.028562830704416082,0.14935746131654865,0.04795486600846263,0.5113349757527226
4,4,2013,2014,1,12,2015,1,1,27, none, False, squared_hinge, True,50,1821,256345,49431,5805,0.03553032076797003,0.2387883556254917,0.06185672067665344,0.5385654011919516
5,5,2013,2014,1,12,2015,1,1,27, l2, False, squared_hinge, True,50,1295,263193,42583,6331,0.02951365148821733,0.16981379491214266,0.05028735632183908,0.5152758603570184
6,6,2013,2014,1,12,2015,1,1,27, l1, False, squared_hinge, True,50,2044,262201,43575,5582,0.04480589228172472,0.26803042223970625,0.0767771621748521,0.5627620715667162
7,7,2013,2014,1,12,2015,1,1,27, elasticnet, False, squared_hinge, True,50,2222,259531,46245,5404,0.045845626921410434,0.2913716233936533,0.07922557181823044,0.5700667310626369
