test#, training_year_first, training_year_last, training_month_first, training_month_last, testing_year, testing_month_first, testing_month_last, penalty, fit_intercept, loss, shuffle, num_iter, true_pos, true_neg, false_pos, false_neg, precision, recall, f1-score, AUROC
0, 2014, 2014, 12, 12, 2015, 1, 1, none, True, squared_hinge, True, 50, 1534, 296295, 9481, 6092, 0.13926463912846118, 0.2011539470233412, 0.1645834450941473, 0.5850737947141195
1, 2014, 2014, 12, 12, 2015, 1, 1, l2, True, squared_hinge, True, 50, 1445, 298137, 7639, 6181, 0.1590708938793483, 0.1894833464463677, 0.172950329144225, 0.5822505032163815
2, 2014, 2014, 12, 12, 2015, 1, 1, l1, True, squared_hinge, True, 50, 1325, 294680, 11096, 6301, 0.1066741808228001, 0.17374770521898766, 0.13218935501571308, 0.5687298517722797
3, 2014, 2014, 12, 12, 2015, 1, 1, elasticnet, True, squared_hinge, True, 50, 1702, 291679, 14097, 5924, 0.10772833723653395, 0.22318384474167322, 0.14531483457844183, 0.5885407345732332
4, 2014, 2014, 12, 12, 2015, 1, 1, none, False, squared_hinge, True, 50, 1913, 293215, 12561, 5713, 0.13216802542489983, 0.25085234723314975, 0.17312217194570137, 0.6048866283285209
5, 2014, 2014, 12, 12, 2015, 1, 1, l2, False, squared_hinge, True, 50, 1543, 294569, 11207, 6083, 0.12101960784313726, 0.2023341201153947, 0.15145268943855517, 0.5828415538047541
6, 2014, 2014, 12, 12, 2015, 1, 1, l1, False, squared_hinge, True, 50, 1745, 293573, 12203, 5881, 0.1251075422999713, 0.22882244951481773, 0.16176879577268935, 0.5944570753146795
7, 2014, 2014, 12, 12, 2015, 1, 1, elasticnet, False, squared_hinge, True, 50, 1782, 293110, 12666, 5844, 0.12333887043189369, 0.23367427222659323, 0.16145691764066322, 0.5961258965130664
