test#, training_year_first, training_year_last, training_month_first, training_month_last, testing_year, testing_month_first, testing_month_last,num_features, penalty, fit_intercept, loss, shuffle, num_iter, true_pos, true_neg, false_pos, false_neg, precision, recall, f1-score, AUROC
0,2014,2014,12,12,2015,1,1,31, none, True, squared_hinge, True,50,1386,289790,15986,6240,0.07978355975132398,0.1817466561762392,0.11088887110968876,0.5647332778552694
1,2014,2014,12,12,2015,1,1,31, l2, True, squared_hinge, True,50,1271,292746,13030,6355,0.08887490385287743,0.16666666666666666,0.11593013180097594,0.5620268867842254
2,2014,2014,12,12,2015,1,1,31, l1, True, squared_hinge, True,50,1478,284661,21115,6148,0.06541849245341477,0.1938106477838972,0.09781925278798108,0.5623784153052708
3,2014,2014,12,12,2015,1,1,31, elasticnet, True, squared_hinge, True,50,1261,290787,14989,6365,0.0776,0.16535536323105166,0.10562908359859273,0.5581679097563871
4,2014,2014,12,12,2015,1,1,31, none, False, squared_hinge, True,50,1712,280746,25030,5914,0.06401914591279635,0.22449514817728825,0.09962756052141528,0.571318920433681
5,2014,2014,12,12,2015,1,1,31, l2, False, squared_hinge, True,50,1366,289870,15906,6260,0.07908754052802222,0.1791240493050092,0.10972768897100167,0.5635527891336934
6,2014,2014,12,12,2015,1,1,31, l1, False, squared_hinge, True,50,1339,287109,18667,6287,0.0669299210236929,0.1755835300288487,0.09691661841343373,0.5572677866773409
7,2014,2014,12,12,2015,1,1,31, elasticnet, False, squared_hinge, True,50,1505,288481,17295,6121,0.0800531914893617,0.1973511670600577,0.11390297434344962,0.5703950775387149
