test#, training_year_first, training_year_last, training_month_first, training_month_last, testing_year, testing_month_first, testing_month_last, num_features, penalty, fit_intercept, loss, shuffle, num_iter, true_pos, true_neg, false_pos, false_neg, precision, recall, f1-score, AUROC
0, 1993, 2014, 1, 12, 2015, 1, 1, 29, none, True, squared_hinge, True, 50, 1802, 294094, 11682, 5824, 0.13363986947493325, 0.23629687909782324, 0.17072477498815727, 0.5990462209313615
1, 1993, 2014, 1, 12, 2015, 1, 1, 29, l2, True, squared_hinge, True, 50, 1733, 293569, 12207, 5893, 0.12431850789096126, 0.2272488853920797, 0.16071594176017806, 0.5936637525176086
2, 1993, 2014, 1, 12, 2015, 1, 1, 29, l1, True, squared_hinge, True, 50, 1849, 293509, 12267, 5777, 0.13098611504675545, 0.24246000524521374, 0.1700855487075706, 0.6011712014086463
3, 1993, 2014, 1, 12, 2015, 1, 1, 29, elasticnet, True, squared_hinge, True, 50, 1697, 295005, 10771, 5929, 0.13610843760025665, 0.22252819302386573, 0.16890614113665772, 0.5936515304505023
4, 1993, 2014, 1, 12, 2015, 1, 1, 29, none, False, squared_hinge, True, 50, 4009, 293389, 12387, 3617, 0.2445108563064162, 0.5257015473380541, 0.3337773707434851, 0.7425957503840079
5, 1993, 2014, 1, 12, 2015, 1, 1, 29, l2, False, squared_hinge, True, 50, 2084, 290690, 15086, 5542, 0.12137449039021549, 0.27327563598216625, 0.16809162768188415, 0.611969433291172
6, 1993, 2014, 1, 12, 2015, 1, 1, 29, l1, False, squared_hinge, True, 50, 4297, 294181, 11595, 3329, 0.2703876164107727, 0.5634670862837661, 0.365422229781444, 0.7627735855258504
7, 1993, 2014, 1, 12, 2015, 1, 1, 29, elasticnet, False, squared_hinge, True, 50, 4263, 292186, 13590, 3363, 0.2387833977482776, 0.559008654602675, 0.33462851760273166, 0.7572821777539565
