test#, training_year_first, training_year_last, training_month_first, training_month_last, testing_year, testing_month_first, testing_month_last,num_features, penalty, fit_intercept, loss, shuffle, num_iter, true_pos, true_neg, false_pos, false_neg, precision, recall, f1-score, AUROC
0,2014,2014,12,12,2015,1,1,31, none, True, squared_hinge, True,50,1537,285363,20413,6089,0.07002277904328018,0.2015473380540257,0.10393562347849608,0.5673946595560276
1,2014,2014,12,12,2015,1,1,31, l2, True, squared_hinge, True,50,1234,294063,11713,6392,0.09531165520970107,0.16181484395489115,0.11996305837748505,0.5617545126582054
2,2014,2014,12,12,2015,1,1,31, l1, True, squared_hinge, True,50,1354,290956,14820,6272,0.08371460368492642,0.17755048518227118,0.11378151260504205,0.5645418168154044
3,2014,2014,12,12,2015,1,1,31, elasticnet, True, squared_hinge, True,50,1265,286071,19705,6361,0.0603242727706247,0.16587988460529768,0.08847391243530564,0.5507186430509091
4,2014,2014,12,12,2015,1,1,31, none, False, squared_hinge, True,50,1477,286009,19767,6149,0.06952551308604782,0.19367951744033568,0.10232074818150327,0.5645170780650477
5,2014,2014,12,12,2015,1,1,31, l2, False, squared_hinge, True,50,1328,291562,14214,6298,0.08544588856003088,0.17414109624967214,0.11464088397790055,0.5638280438079505
6,2014,2014,12,12,2015,1,1,31, l1, False, squared_hinge, True,50,1742,278128,27648,5884,0.05927186117727117,0.2284290584841332,0.0941214609898422,0.5690049640701761
7,2014,2014,12,12,2015,1,1,31, elasticnet, False, squared_hinge, True,50,1679,285335,20441,5947,0.07590415913200724,0.2201678468397587,0.11288912794997645,0.5766591287989803
