test#, training_year_first, training_year_last, training_month_first, training_month_last, testing_year, testing_month_first, testing_month_last, penalty, fit_intercept, loss, shuffle, num_iter, true_pos, true_neg, false_pos, false_neg, precision, recall, f1-score, AUROC
0, 2014, 2014, 12, 12, 2015, 1, 1, none, True, squared_hinge, True, 50, 1755, 294641, 11135, 5871, 0.13615205585725368, 0.23013375295043273, 0.1710859816728407, 0.5968591034649082
1, 2014, 2014, 12, 12, 2015, 1, 1, l2, True, squared_hinge, True, 50, 1659, 295372, 10404, 5967, 0.13752797811489678, 0.21754523996852873, 0.16852049367667224, 0.5917601664234878
2, 2014, 2014, 12, 12, 2015, 1, 1, l1, True, squared_hinge, True, 50, 1910, 286819, 18957, 5716, 0.09153208415201035, 0.2504589562024653, 0.13406801670585758, 0.5942312964257578
3, 2014, 2014, 12, 12, 2015, 1, 1, elasticnet, True, squared_hinge, True, 50, 1619, 296139, 9637, 6007, 0.14383439943141435, 0.21230002622606872, 0.17148607139074248, 0.5903917456231071
4, 2014, 2014, 12, 12, 2015, 1, 1, none, False, squared_hinge, True, 50, 1768, 293242, 12534, 5858, 0.1236190742553489, 0.23183844741673224, 0.16125501641736595, 0.5954238283863004
5, 2014, 2014, 12, 12, 2015, 1, 1, l2, False, squared_hinge, True, 50, 1675, 293741, 12035, 5951, 0.12217359591539023, 0.2196433254655127, 0.15701162354705664, 0.5901422241895091
6, 2014, 2014, 12, 12, 2015, 1, 1, l1, False, squared_hinge, True, 50, 1785, 293408, 12368, 5841, 0.12612167031724722, 0.23406766325727774, 0.16391937187198677, 0.5968098768382041
7, 2014, 2014, 12, 12, 2015, 1, 1, elasticnet, False, squared_hinge, True, 50, 1640, 293933, 11843, 5986, 0.12163465104205295, 0.21505376344086022, 0.15538395944857641, 0.5881613984908765
