,test#, training_year_first, training_year_last, training_month_first, training_month_last, testing_year, testing_month_first, testing_month_last,num_features, penalty, fit_intercept, loss, shuffle, num_iter, true_pos, true_neg, false_pos, false_neg, precision, recall, f1-score, AUROC
0,0,2014,2014,1,12,2015,1,1,33, none, True, squared_hinge, True,50,1345,295793,9983,6281,0.118732345,0.176370312,0.141922549,0.571861115
1,1,2014,2014,1,12,2015,1,1,33, l2, True, squared_hinge, True,50,1395,299012,6764,6231,0.170976835,0.18292682899999999,0.17675007899999998,0.580403031
2,2,2014,2014,1,12,2015,1,1,33, l1, True, squared_hinge, True,50,4108,293972,11804,3518,0.258169935,0.538683451,0.349052596,0.750040015
3,3,2014,2014,1,12,2015,1,1,33, elasticnet, True, squared_hinge, True,50,1806,295830,9946,5820,0.15367597,0.2368214,0.186396945,0.602147161
4,4,2014,2014,1,12,2015,1,1,33, none, False, squared_hinge, True,50,4165,293109,12667,3461,0.24744534199999998,0.5461578810000001,0.34058385799999996,0.7523660659999999
5,5,2014,2014,1,12,2015,1,1,33, l2, False, squared_hinge, True,50,3875,292459,13317,3751,0.225395533,0.508130081,0.31227335,0.7322892959999999
6,6,2014,2014,1,12,2015,1,1,33, l1, False, squared_hinge, True,50,3977,293424,12352,3649,0.243554412,0.521505376,0.33203924,0.7405548959999999
7,7,2014,2014,1,12,2015,1,1,33, elasticnet, False, squared_hinge, True,50,3879,293550,12226,3747,0.240856877,0.508654603,0.326914163,0.7343355429999999
