test#, training_year_first, training_year_last, training_month_first, training_month_last, testing_year, testing_month_first, testing_month_last, num_features, penalty, fit_intercept, loss, shuffle, num_iter, true_pos, true_neg, false_pos, false_neg, precision, recall, f1-score, AUROC
0, 1993, 2014, 1, 12, 2015, 1, 1, 29, none, True, squared_hinge, True, 50, 2103, 289494, 16282, 5523, 0.1143867283111232, 0.27576711250983477, 0.16170081888431817, 0.6112594915801228
1, 1993, 2014, 1, 12, 2015, 1, 1, 29, l2, True, squared_hinge, True, 50, 1794, 293584, 12192, 5832, 0.12827112827112827, 0.23524783634933125, 0.16601887840088841, 0.5976877557551167
2, 1993, 2014, 1, 12, 2015, 1, 1, 29, l1, True, squared_hinge, True, 50, 1721, 294728, 11048, 5905, 0.13477954420863028, 0.22567532126934173, 0.1687668546212307, 0.59477214862588
3, 1993, 2014, 1, 12, 2015, 1, 1, 29, elasticnet, True, squared_hinge, True, 50, 1783, 295228, 10548, 5843, 0.14459492336387966, 0.23380540257015472, 0.1786841709675803, 0.5996547812390306
4, 1993, 2014, 1, 12, 2015, 1, 1, 29, none, False, squared_hinge, True, 50, 4348, 292787, 12989, 3278, 0.25079310145930667, 0.5701547338054026, 0.34835556623803227, 0.7638379628945385
5, 1993, 2014, 1, 12, 2015, 1, 1, 29, l2, False, squared_hinge, True, 50, 2156, 291388, 14388, 5470, 0.13031914893617022, 0.2827170207185943, 0.17840297889946216, 0.6178314840393767
6, 1993, 2014, 1, 12, 2015, 1, 1, 29, l1, False, squared_hinge, True, 50, 2119, 293378, 12398, 5507, 0.1459667975477027, 0.2778651980068188, 0.1913923135979768, 0.61865958869521
7, 1993, 2014, 1, 12, 2015, 1, 1, 29, elasticnet, False, squared_hinge, True, 50, 2215, 293093, 12683, 5411, 0.14867767485568534, 0.2904537109887228, 0.19667909785118096, 0.6244878177673979
