test#, penalty, fit_intercept, loss, shuffle, num_iter, true_pos, true_neg, false_pos, false_neg, precision, recall, f1-score, AUROC
0, none, True, squared_hinge, True, 50, 1361, 287896, 17880, 6265, 0.07073436931552414, 0.17846839758720168, 0.10131387948040348, 0.5599971102058765
1, l2, True, squared_hinge, True, 50, 841, 290346, 15430, 6785, 0.0516870505807879, 0.1102806189352216, 0.0703854040256099, 0.5299094214973319
2, l1, True, squared_hinge, True, 50, 1324, 288913, 16863, 6302, 0.07279925221311927, 0.17361657487542617, 0.10258396931778561, 0.55923418090221
3, elasticnet, True, squared_hinge, True, 50, 825, 290667, 15109, 6801, 0.051776076314798546, 0.10818253343823761, 0.0700339558573854, 0.5293852727889214
4, none, False, squared_hinge, True, 50, 1357, 278656, 27120, 6269, 0.0476524914843558, 0.17794387621295568, 0.07517380827078082, 0.5446257500472449
5, l2, False, squared_hinge, True, 50, 1286, 286099, 19677, 6340, 0.06134618136717073, 0.16863362182008917, 0.08996467172688796, 0.5521412968082184
6, l1, False, squared_hinge, True, 50, 1387, 287628, 18148, 6239, 0.07100076785257231, 0.1818777865198007, 0.10213173299952137, 0.5612635753801452
7, elasticnet, False, squared_hinge, True, 50, 1234, 287764, 18012, 6392, 0.06411721916242336, 0.16181484395489115, 0.09184281036022625, 0.5514544891115568
