test#, training_year_first, training_year_last, training_month_first, training_month_last, testing_year, testing_month_first, testing_month_last, penalty, fit_intercept, loss, shuffle, num_iter, true_pos, true_neg, false_pos, false_neg, precision, recall, f1-score, AUROC
0,2014,2014,1,12,2015,1,1, none, True, squared_hinge, True,50,1690,284797,20979,5936,0.074551149,0.221610281,0.111569566,0.576500617
1,2014,2014,1,12,2015,1,1, l2, True, squared_hinge, True,50,1212,284119,21657,6414,0.052997508,0.158929976,0.079488441,0.54405181
2,2014,2014,1,12,2015,1,1, l1, True, squared_hinge, True,50,1857,284116,21660,5769,0.078964154,0.243509048,0.119256334,0.58633644
3,2014,2014,1,12,2015,1,1, elasticnet, True, squared_hinge, True,50,1276,284291,21485,6350,0.056060806,0.167322318,0.083983282,0.548529233
4,2014,2014,1,12,2015,1,1, none, False, squared_hinge, True,50,1302,285567,20209,6324,0.060527172,0.170731707,0.089370903,0.552320422
5,2014,2014,1,12,2015,1,1, l2, False, squared_hinge, True,50,1119,290400,15376,6507,0.067838739,0.146734854,0.092782223,0.548224839
6,2014,2014,1,12,2015,1,1, l1, False, squared_hinge, True,50,1615,283510,22266,6011,0.067626984,0.211775505,0.102516901,0.569478747
7,2014,2014,1,12,2015,1,1, elasticnet, False, squared_hinge, True,50,1176,290498,15278,6450,0.071471982,0.154209284,0.097674419,0.552122302
