test#, training_year_first, training_year_last, training_month_first, training_month_last, testing_year, testing_month_first, testing_month_last, penalty, fit_intercept, loss, shuffle, num_iter, true_pos, true_neg, false_pos, false_neg, precision, recall, f1-score, AUROC
0, 2014, 2014, 7, 12, 2015, 1, 1, none, True, squared_hinge, True, 50, 942, 289733, 16043, 6684, 0.05546070061819252, 0.12352478363493312, 0.0765511356710414, 0.5355291361008636
1, 2014, 2014, 7, 12, 2015, 1, 1, l2, True, squared_hinge, True, 50, 990, 289534, 16242, 6636, 0.05745125348189415, 0.12981904012588513, 0.07965242577842144, 0.5383508627451675
2, 2014, 2014, 7, 12, 2015, 1, 1, l1, True, squared_hinge, True, 50, 1254, 286438, 19338, 6372, 0.060897435897435896, 0.16443745082612116, 0.0888794386561769, 0.5505975386619748
3, 2014, 2014, 7, 12, 2015, 1, 1, elasticnet, True, squared_hinge, True, 50, 1101, 290720, 15056, 6525, 0.06814383858389553, 0.14437450826121165, 0.09258714207627297, 0.5475679249484594
4, 2014, 2014, 7, 12, 2015, 1, 1, none, False, squared_hinge, True, 50, 1511, 285232, 20544, 6115, 0.06851054182725005, 0.1981379491214267, 0.10181597655065529, 0.5654757559954892
5, 2014, 2014, 7, 12, 2015, 1, 1, l2, False, squared_hinge, True, 50, 1329, 285084, 20692, 6297, 0.06035148267562781, 0.1742722265932337, 0.0896549397915472, 0.5533008875104205
6, 2014, 2014, 7, 12, 2015, 1, 1, l1, False, squared_hinge, True, 50, 1324, 281886, 23890, 6302, 0.05251051003410803, 0.17361657487542617, 0.08063337393422655, 0.5477437434578062
7, 2014, 2014, 7, 12, 2015, 1, 1, elasticnet, False, squared_hinge, True, 50, 1304, 281511, 24265, 6322, 0.050999256912667684, 0.17099396800419617, 0.07856604910378069, 0.5458192460501332
