test#, training_year_first, training_year_last, training_month_first, training_month_last, testing_year, testing_month_first, testing_month_last, penalty, fit_intercept, loss, shuffle, num_iter, true_pos, true_neg, false_pos, false_neg, precision, recall, f1-score, AUROC
0, 2014, 2014, 12, 12, 2015, 1, 1, none, True, squared_hinge, True, 50, 1776, 293013, 12763, 5850, 0.12215420592888095, 0.23288749016522423, 0.16025265057523122, 0.5955738926416095
1, 2014, 2014, 12, 12, 2015, 1, 1, l2, True, squared_hinge, True, 50, 1495, 297565, 8211, 6131, 0.15402843601895735, 0.1960398636244427, 0.17251327025155783, 0.5845934366000399
2, 2014, 2014, 12, 12, 2015, 1, 1, l1, True, squared_hinge, True, 50, 1758, 291889, 13887, 5868, 0.11236816874400767, 0.23052714398111723, 0.15108933866185378, 0.5925557728173075
3, 2014, 2014, 12, 12, 2015, 1, 1, elasticnet, True, squared_hinge, True, 50, 1517, 295911, 9865, 6109, 0.1332806185204709, 0.1989247311827957, 0.15961700336700335, 0.5833312761664594
4, 2014, 2014, 12, 12, 2015, 1, 1, none, False, squared_hinge, True, 50, 1567, 293653, 12123, 6059, 0.11446311176040906, 0.2054812483608707, 0.1470257083880653, 0.582917289451745
5, 2014, 2014, 12, 12, 2015, 1, 1, l2, False, squared_hinge, True, 50, 1680, 294819, 10957, 5946, 0.13294294531930045, 0.22029897718332023, 0.16581947391797858, 0.5922327783200887
6, 2014, 2014, 12, 12, 2015, 1, 1, l1, False, squared_hinge, True, 50, 1689, 291679, 14097, 5937, 0.10699353857848727, 0.2214791502753737, 0.1442849820604818, 0.5876883873400834
7, 2014, 2014, 12, 12, 2015, 1, 1, elasticnet, False, squared_hinge, True, 50, 1699, 293470, 12306, 5927, 0.12131381649410924, 0.2227904537109887, 0.1570893624890204, 0.5912726534684397
