test#, filter_repeat, training_year_first, training_year_last, training_month_first, training_month_last, testing_year, testing_month_first, testing_month_last, features, penalty, fit_intercept, loss, shuffle, num_iter, true_pos, true_neg, false_pos, false_neg, precision, recall, f1-score, AUROC
0, True, 2011, 2011, 12, 12, 2012, 1, 1, CUPLS, none, True, squared_hinge, True, 50, 687, 3004269, 18555, 932, 0.03570314936077331, 0.4243360098826436, 0.06586453190163463, 0.7090988550338181
1, True, 2011, 2011, 12, 12, 2012, 1, 1, CUPLS, l2, True, squared_hinge, True, 50, 686, 3002100, 20724, 933, 0.03204110228865016, 0.4237183446571958, 0.05957705501758652, 0.7084312519468622
2, True, 2011, 2011, 12, 12, 2012, 1, 1, CUPLS, l1, True, squared_hinge, True, 50, 737, 3006556, 16268, 882, 0.04334019406057042, 0.45521927115503397, 0.07914518900343644, 0.7249187743166563
3, True, 2011, 2011, 12, 12, 2012, 1, 1, CUPLS, elasticnet, True, squared_hinge, True, 50, 655, 3011214, 11610, 964, 0.05340399510803098, 0.4045707226683138, 0.09435321233074041, 0.7003649716588068
4, True, 2011, 2011, 12, 12, 2012, 1, 1, CUPLS, none, False, squared_hinge, True, 50, 616, 3013015, 9809, 1003, 0.05908872901678657, 0.3804817788758493, 0.10229159747592162, 0.688618400004203
5, True, 2011, 2011, 12, 12, 2012, 1, 1, CUPLS, l2, False, squared_hinge, True, 50, 495, 3017503, 5321, 1124, 0.08511004126547456, 0.3057442865966646, 0.13315400134498992, 0.6519920060491905
6, True, 2011, 2011, 12, 12, 2012, 1, 1, CUPLS, l1, False, squared_hinge, True, 50, 615, 3020671, 2153, 1004, 0.2221820809248555, 0.37986411365040146, 0.2803738317757009, 0.689575932882821
7, True, 2011, 2011, 12, 12, 2012, 1, 1, CUPLS, elasticnet, False, squared_hinge, True, 50, 505, 3021212, 1612, 1114, 0.23854511100614076, 0.3119209388511427, 0.27034261241970026, 0.6556938313414488
