test#, training_year_first, training_year_last, training_month_first, training_month_last, testing_year, testing_month_first, testing_month_last,num_features, penalty, fit_intercept, loss, shuffle, num_iter, true_pos, true_neg, false_pos, false_neg, precision, recall, f1-score, AUROC
0,2014,2014,1,12,2015,1,1,29, none, True, squared_hinge, True,50,3848,294294,11482,3778,0.25101108899999997,0.504589562,0.33525004399999997,0.7335195990000001
1,2014,2014,1,12,2015,1,1,29, l2, True, squared_hinge, True,50,3749,295840,9936,3877,0.27394958,0.49160765799999995,0.351837079,0.729556642
2,2014,2014,1,12,2015,1,1,29, l1, True, squared_hinge, True,50,1673,298416,7360,5953,0.18520978600000002,0.219381065,0.200852392,0.597655579
3,2014,2014,1,12,2015,1,1,29, elasticnet, True, squared_hinge, True,50,1555,298232,7544,6071,0.17089790100000002,0.20390768399999998,0.18594917800000002,0.589618015
4,2014,2014,1,12,2015,1,1,29, none, False, squared_hinge, True,50,4087,296500,9276,3539,0.305844496,0.535929714,0.389442089,0.7527968909999999
5,2014,2014,1,12,2015,1,1,29, l2, False, squared_hinge, True,50,2021,296060,9716,5605,0.172190509,0.26501442399999997,0.20874864399999998,0.616619765
6,2014,2014,1,12,2015,1,1,29, l1, False, squared_hinge, True,50,4135,294587,11189,3491,0.269838162,0.542223971,0.36034858399999997,0.752815912
7,2014,2014,1,12,2015,1,1,29, elasticnet, False, squared_hinge, True,50,4135,292631,13145,3491,0.23929398100000002,0.542223971,0.33204850199999997,0.749617493
