test#, training_year_first, training_year_last, training_month_first, training_month_last, testing_year, testing_month_first, testing_month_last, penalty, fit_intercept, loss, shuffle, num_iter, true_pos, true_neg, false_pos, false_neg, precision, recall, f1-score, AUROC
0, 2013, 2014, 1, 12, 2015, 1, 1, none, True, squared_hinge, True, 50, 1123, 287170, 18606, 6503, 0.0569212833899336, 0.14725937581956464, 0.08210564796198136, 0.5432054557921537
1, 2013, 2014, 1, 12, 2015, 1, 1, l2, True, squared_hinge, True, 50, 1165, 270432, 35344, 6461, 0.031909940014790875, 0.15276685024914766, 0.05279256825648579, 0.5185894844621282
2, 2013, 2014, 1, 12, 2015, 1, 1, l1, True, squared_hinge, True, 50, 1125, 268523, 37253, 6501, 0.02931366928969722, 0.14752163650668765, 0.04890879053995304, 0.5128453114771416
3, 2013, 2014, 1, 12, 2015, 1, 1, elasticnet, True, squared_hinge, True, 50, 1176, 267417, 38359, 6450, 0.02974579486530922, 0.15420928402832415, 0.04987171603655562, 0.5143806218163703
4, 2013, 2014, 1, 12, 2015, 1, 1, none, False, squared_hinge, True, 50, 1590, 259905, 45871, 6036, 0.03350119045110723, 0.2084972462627852, 0.05772686840815438, 0.5292411012853353
5, 2013, 2014, 1, 12, 2015, 1, 1, l2, False, squared_hinge, True, 50, 1536, 270909, 34867, 6090, 0.04219432464357333, 0.2014162077104642, 0.06977219559835564, 0.5436941459252441
6, 2013, 2014, 1, 12, 2015, 1, 1, l1, False, squared_hinge, True, 50, 1293, 288225, 17551, 6333, 0.06861600509445978, 0.16955153422501967, 0.097695504344541, 0.556076654036271
7, 2013, 2014, 1, 12, 2015, 1, 1, elasticnet, False, squared_hinge, True, 50, 1819, 268597, 37179, 5807, 0.046643417611159546, 0.23852609493836874, 0.07802848318462595, 0.5584685443034683
