test#, penalty, fit_intercept, loss, shuffle, num_iter, true_pos, true_neg, false_pos, false_neg, precision, recall, f1-score, AUROC
0, none, True, squared_hinge, True, 50, 1784, 280388, 25388, 5842, 0.06565582216988076, 0.23393653291371624, 0.1025346284269211, 0.5754542169565703
1, l2, True, squared_hinge, True, 50, 1054, 289336, 16440, 6572, 0.06024922830684806, 0.13821138211382114, 0.08391719745222931, 0.5422232673218889
2, l1, True, squared_hinge, True, 50, 1495, 282846, 22930, 6131, 0.06120777891504606, 0.1960398636244427, 0.0932888209416243, 0.5605251644007829
3, elasticnet, True, squared_hinge, True, 50, 1152, 290338, 15438, 6474, 0.06943942133815552, 0.15106215578284815, 0.09514370664023787, 0.5502871084497413
4, none, False, squared_hinge, True, 50, 1227, 285455, 20321, 6399, 0.05694263968813811, 0.16089693154996065, 0.08411599369301433, 0.54721989322514
5, l2, False, squared_hinge, True, 50, 1217, 286305, 19471, 6409, 0.058826372776488785, 0.15958562811434565, 0.08596454050999505, 0.5479541478439972
6, l1, False, squared_hinge, True, 50, 1522, 286930, 18846, 6104, 0.07472505891594658, 0.1995803829006032, 0.1087375866257055, 0.568973515190556
7, elasticnet, False, squared_hinge, True, 50, 1167, 288354, 17422, 6459, 0.0627790628866534, 0.15302911093627064, 0.08903299637612054, 0.5480263811182845
