test#, training_year_first, training_year_last, training_month_first, training_month_last, testing_year, testing_month_first, testing_month_last, penalty, fit_intercept, loss, shuffle, num_iter, true_pos, true_neg, false_pos, false_neg, precision, recall, f1-score, AUROC
0,2014,2014,1,12,2015,1,1, none, True, squared_hinge, True,50,1587,298849,6927,6039,0.186398872,0.208103855,0.196654275,0.592725009
1,2014,2014,1,12,2015,1,1, l2, True, squared_hinge, True,50,1406,298859,6917,6220,0.168929473,0.184369263,0.176311994,0.580874064
2,2014,2014,1,12,2015,1,1, l1, True, squared_hinge, True,50,3881,291330,14446,3745,0.211764064,0.508916863,0.299079105,0.730836565
3,2014,2014,1,12,2015,1,1, elasticnet, True, squared_hinge, True,50,1502,299139,6637,6124,0.184543556,0.196957776,0.190548684,0.587626172
4,2014,2014,1,12,2015,1,1, none, False, squared_hinge, True,50,3793,298413,7363,3833,0.339996414,0.497377393,0.403897349,0.736648837
5,2014,2014,1,12,2015,1,1, l2, False, squared_hinge, True,50,3959,297439,8337,3667,0.321974626,0.51914503,0.397450055,0.745939987
6,2014,2014,1,12,2015,1,1, l1, False, squared_hinge, True,50,1924,295951,9825,5702,0.163758618,0.252294781,0.198606452,0.610081708
7,2014,2014,1,12,2015,1,1, elasticnet, False, squared_hinge, True,50,4096,293801,11975,3530,0.254869019,0.537109887,0.345697768,0.748973616
