test#, penalty, fit_intercept, loss, shuffle, num_iter, true_pos, true_neg, false_pos, false_neg, precision, recall, f1-score, AUROC
0, none, True, squared_hinge, True, 50, 2322, 270103, 35673, 5304, 0.061113304382155544, 0.3044846577498033, 0.10179522588281711, 0.5939104127009704
1, l2, True, squared_hinge, True, 50, 975, 288753, 17023, 6651, 0.05417268585398378, 0.12785208497246262, 0.07610053075241961, 0.5360903065226502
2, l1, True, squared_hinge, True, 50, 1713, 284283, 21493, 5913, 0.07381711626303541, 0.22462627852084974, 0.11111831862999481, 0.5771681311499126
3, elasticnet, True, squared_hinge, True, 50, 1252, 285308, 20468, 6374, 0.057642725598526706, 0.16417519013899817, 0.08532679070401418, 0.5486186504826118
4, none, False, squared_hinge, True, 50, 1392, 284247, 21529, 6234, 0.060730334627634046, 0.18253343823760818, 0.09113824598160211, 0.5560628443869743
5, l2, False, squared_hinge, True, 50, 1060, 281957, 23819, 6566, 0.04260621407612846, 0.13899816417519015, 0.06522073527149669, 0.5305506361663977
6, l1, False, squared_hinge, True, 50, 1428, 286659, 19117, 6198, 0.06950596252129472, 0.1872541306058222, 0.10138085264988819, 0.5623672541993582
7, elasticnet, False, squared_hinge, True, 50, 1331, 281180, 24596, 6295, 0.051336444633008065, 0.17453448728035667, 0.07933716806246834, 0.547048259808877
