test#, training_year_first, training_year_last, training_month_first, training_month_last, testing_year, testing_month_first, testing_month_last, penalty, fit_intercept, loss, shuffle, num_iter, true_pos, true_neg, false_pos, false_neg, precision, recall, f1-score, AUROC
0, 2013, 2014, 1, 12, 2015, 1, 1, none, True, squared_hinge, True, 50, 1128, 266029, 39747, 6498, 0.02759633027522936, 0.14791502753737215, 0.04651450485556999, 0.508963858282317
1, 2013, 2014, 1, 12, 2015, 1, 1, l2, True, squared_hinge, True, 50, 1393, 287895, 17881, 6233, 0.07227352910656844, 0.1826645685811697, 0.10356877323420074, 0.562093560518935
2, 2013, 2014, 1, 12, 2015, 1, 1, l1, True, squared_hinge, True, 50, 1309, 267131, 38645, 6317, 0.03276267707864044, 0.17164961972200368, 0.05502311895754519, 0.5226331270605205
3, 2013, 2014, 1, 12, 2015, 1, 1, elasticnet, True, squared_hinge, True, 50, 1131, 267909, 37867, 6495, 0.029001487255756707, 0.14830841856805665, 0.04851578586135896, 0.5122346995775766
4, 2013, 2014, 1, 12, 2015, 1, 1, none, False, squared_hinge, True, 50, 1845, 257695, 48081, 5781, 0.03695469294555943, 0.24193548387096775, 0.06411592994161801, 0.5423464636140982
5, 2013, 2014, 1, 12, 2015, 1, 1, l2, False, squared_hinge, True, 50, 1512, 267776, 38000, 6114, 0.03826685563879328, 0.1982690794649882, 0.06415206415206415, 0.5369975505639525
6, 2013, 2014, 1, 12, 2015, 1, 1, l1, False, squared_hinge, True, 50, 2002, 254279, 51497, 5624, 0.03742126021047122, 0.26252294781012325, 0.06550511247443763, 0.5470544072942092
7, 2013, 2014, 1, 12, 2015, 1, 1, elasticnet, False, squared_hinge, True, 50, 1433, 260890, 44886, 6193, 0.030937628187137026, 0.18790978232362968, 0.053128186115487995, 0.5205580254823632
