test#,filter_repeat,downsample_ratio,training_year_first,training_year_last,training_month_first,training_month_last,testing_year,testing_month_first,testing_month_last,features,penalty,fit_intercept,loss,shuffle,num_iter,true_pos,true_neg,false_pos,false_neg,precision,recall,f1-score,AUROC
0,True,4,2011,2011,7,12,2012,1,1,CUPLS,none,True,squared_hinge,True,50,2507,4505265,80096,393,0.030349987288597266,0.8644827586206897,0.058641217267230386,0.9235074977250126
1,True,4,2011,2011,7,12,2012,1,1,CUPLS,l2,True,squared_hinge,True,50,2337,4455812,129549,563,0.017719848960465856,0.8058620689655173,0.03467719199323372,0.8888046658064428
2,True,4,2011,2011,7,12,2012,1,1,CUPLS,l1,True,squared_hinge,True,50,2519,4489847,95514,381,0.02569542909020432,0.8686206896551724,0.04991429958487314,0.9238952433775587
3,True,4,2011,2011,7,12,2012,1,1,CUPLS,elasticnet,True,squared_hinge,True,50,2406,4380829,204532,494,0.011626670790285013,0.829655172413793,0.022931976095845366,0.8925248711098737
0,True,4,2011,2011,7,12,2012,1,1,CUPLS,none,True,squared_hinge,True,50,2507,4508873,76488,393,0.03173618583454649,0.8644827586206897,0.06122473899505463,0.9239009236733732
1,True,4,2011,2011,7,12,2012,1,1,CUPLS,l2,True,squared_hinge,True,50,2393,4399835,185526,507,0.01273420995216024,0.8251724137931035,0.02508135982265917,0.8923559567592125
2,True,4,2011,2011,7,12,2012,1,1,CUPLS,l1,True,squared_hinge,True,50,2537,4486904,98457,363,0.025120304176485732,0.8748275862068966,0.04883823897433923,0.9266777790796888
3,True,4,2011,2011,7,12,2012,1,1,CUPLS,elasticnet,True,squared_hinge,True,50,2379,4436882,148479,521,0.015769796762518395,0.8203448275862069,0.030944731331052692,0.8939818673999187
