test#, training_year_first, training_year_last, training_month_first, training_month_last, testing_year, testing_month_first, testing_month_last,num_features, penalty, fit_intercept, loss, shuffle, num_iter, true_pos, true_neg, false_pos, false_neg, precision, recall, f1-score, AUROC
0,2014,2014,12,12,2015,1,1,29, none, True, squared_hinge, True,50,1659,289705,16071,5967,0.09357021996615904,0.2175452399685288,0.13085660198769522,0.5824935791177477
1,2014,2014,12,12,2015,1,1,29, l2, True, squared_hinge, True,50,1770,290491,15285,5856,0.10378188214599823,0.2321007081038552,0.143430168955877,0.5910565677508445
2,2014,2014,12,12,2015,1,1,29, l1, True, squared_hinge, True,50,1886,289297,16479,5740,0.10269534440511843,0.24731182795698925,0.14512715940133122,0.5967097180703789
3,2014,2014,12,12,2015,1,1,29, elasticnet, True, squared_hinge, True,50,1604,294439,11337,6022,0.12394714473379186,0.2103330710726462,0.1559780230466281,0.5866284553730664
4,2014,2014,12,12,2015,1,1,29, none, False, squared_hinge, True,50,1856,289317,16459,5770,0.10133770133770134,0.24337791765014424,0.1430939439497321,0.5947754665954661
5,2014,2014,12,12,2015,1,1,29, l2, False, squared_hinge, True,50,1677,295529,10247,5949,0.14064072458906407,0.21990558615263567,0.17156010230179028,0.593197063391843
6,2014,2014,12,12,2015,1,1,29, l1, False, squared_hinge, True,50,1717,292805,12971,5909,0.11689814814814815,0.22515079989509573,0.15389441606166535,0.5913654292500438
7,2014,2014,12,12,2015,1,1,29, elasticnet, False, squared_hinge, True,50,1678,294031,11745,5948,0.12500931237428295,0.2200367164961972,0.15943750296926218,0.5908131230432427
