test#,filter_repeat, training_year_first, training_year_last, training_month_first, training_month_last, testing_year, testing_month_first, testing_month_last, features, penalty, fit_intercept, loss, shuffle, num_iter, true_pos, true_neg, false_pos, false_neg, precision, recall, f1-score, AUROC
0,False,2011,2011,12,12,2012,1,1, CUPLS, none, True, squared_hinge, True,50,1224,5019791,18080,1676,0.06340654786572733,0.4220689655172414,0.11025040533237256,0.70924007396967
1,False,2011,2011,12,12,2012,1,1, CUPLS, l2, True, squared_hinge, True,50,1225,5021915,15956,1675,0.07129969151970199,0.4224137931034483,0.1220058762013844,0.7096232910961656
2,False,2011,2011,12,12,2012,1,1, CUPLS, l1, True, squared_hinge, True,50,1274,5018825,19046,1626,0.06269685039370079,0.4393103448275862,0.10973298880275624,0.7177648897924239
3,False,2011,2011,12,12,2012,1,1, CUPLS, elasticnet, True, squared_hinge, True,50,1224,5019143,18728,1676,0.06134723336006415,0.4220689655172414,0.10712410292315773,0.7091757610882958
4,False,2011,2011,12,12,2012,1,1, CUPLS, none, False, squared_hinge, True,50,1196,5019523,18348,1704,0.06119525173966435,0.4124137931034483,0.1065763678488683,0.7043858892254149
5,False,2011,2011,12,12,2012,1,1, CUPLS, l2, False, squared_hinge, True,50,19,5037869,2,2881,0.9047619047619048,0.006551724137931035,0.013009243409791166,0.5032756635724179
6,False,2011,2011,12,12,2012,1,1, CUPLS, l1, False, squared_hinge, True,50,1058,5029023,8848,1842,0.10680395719765798,0.3648275862068965,0.1652350460721537,0.6815356443775281
7,False,2011,2011,12,12,2012,1,1, CUPLS, elasticnet, False, squared_hinge, True,50,19,5037869,2,2881,0.9047619047619048,0.006551724137931035,0.013009243409791166,0.5032756635724179
