test#, training_year_first, training_year_last, training_month_first, training_month_last, testing_year, testing_month_first, testing_month_last, num_features, penalty, fit_intercept, loss, shuffle, num_iter, true_pos, true_neg, false_pos, false_neg, precision, recall, f1-score, AUROC
0, 1993, 2014, 1, 12, 2015, 1, 1, 29, none, True, squared_hinge, True, 50, 1743, 296422, 9354, 5883, 0.15706947823736145, 0.22856018882769472, 0.1861881108796667, 0.5989845839748331
1, 1993, 2014, 1, 12, 2015, 1, 1, 29, l2, True, squared_hinge, True, 50, 1788, 293575, 12201, 5838, 0.12781471155908214, 0.23446105428796224, 0.165440666204025, 0.5972796480691027
2, 1993, 2014, 1, 12, 2015, 1, 1, 29, l1, True, squared_hinge, True, 50, 2044, 293466, 12310, 5582, 0.14239933119687892, 0.26803042223970625, 0.18598726114649683, 0.6138860969970966
3, 1993, 2014, 1, 12, 2015, 1, 1, 29, elasticnet, True, squared_hinge, True, 50, 1678, 294359, 11417, 5948, 0.12814051164566628, 0.22003671649619722, 0.1619612953042807, 0.5913494633708029
4, 1993, 2014, 1, 12, 2015, 1, 1, 29, none, False, squared_hinge, True, 50, 4040, 294538, 11238, 3586, 0.26443251734520223, 0.5297665879884605, 0.35277680754453367, 0.7465070970395968
5, 1993, 2014, 1, 12, 2015, 1, 1, 29, l2, False, squared_hinge, True, 50, 4173, 293776, 12000, 3453, 0.25802263030977557, 0.5472069236821401, 0.3506870036556158, 0.7539812547352148
6, 1993, 2014, 1, 12, 2015, 1, 1, 29, l1, False, squared_hinge, True, 50, 4279, 286244, 19532, 3347, 0.17970685817479315, 0.5611067400996591, 0.27222699366987946, 0.7486149576171991
7, 1993, 2014, 1, 12, 2015, 1, 1, 29, elasticnet, False, squared_hinge, True, 50, 2041, 293171, 12605, 5585, 0.13935545541444763, 0.26763703120902177, 0.18327945402298848, 0.6132070222237354
