test#, training_year_first, training_year_last, training_month_first, training_month_last, testing_year, testing_month_first, testing_month_last, penalty, fit_intercept, loss, shuffle, num_iter, true_pos, true_neg, false_pos, false_neg, precision, recall, f1-score, AUROC
0, 2014, 2014, 12, 12, 2015, 1, 1, none, True, squared_hinge, True, 50, 1101, 294515, 11261, 6525, 0.08906325837243165, 0.14437450826121165, 0.11016609965979589, 0.5537734479456862
1, 2014, 2014, 12, 12, 2015, 1, 1, l2, True, squared_hinge, True, 50, 1204, 292325, 13451, 6422, 0.08215626066189013, 0.15788093364804615, 0.10807414388941249, 0.5569456078422849
2, 2014, 2014, 12, 12, 2015, 1, 1, l1, True, squared_hinge, True, 50, 1389, 287180, 18596, 6237, 0.06950212659494621, 0.18214004720692367, 0.10061207489768571, 0.5606621433250881
3, 2014, 2014, 12, 12, 2015, 1, 1, elasticnet, True, squared_hinge, True, 50, 1312, 290671, 15105, 6314, 0.07991715904245598, 0.17204301075268819, 0.10913779478434471, 0.5613220521818488
4, 2014, 2014, 12, 12, 2015, 1, 1, none, False, squared_hinge, True, 50, 1740, 282067, 23709, 5886, 0.06837203819403513, 0.22816679779701024, 0.1052154195011338, 0.5753148232091116
5, 2014, 2014, 12, 12, 2015, 1, 1, l2, False, squared_hinge, True, 50, 1688, 283219, 22557, 5938, 0.06962260259847391, 0.22134801993181222, 0.1059270182924916, 0.5737891661586747
6, 2014, 2014, 12, 12, 2015, 1, 1, l1, False, squared_hinge, True, 50, 1447, 282988, 22788, 6179, 0.059707035279554364, 0.1897456071334907, 0.09083205172467908, 0.5576102322727261
7, 2014, 2014, 12, 12, 2015, 1, 1, elasticnet, False, squared_hinge, True, 50, 1670, 282570, 23206, 5956, 0.06713297957871041, 0.21898767374770522, 0.10276290689803705, 0.5715477586989794
