test#, training_year_first, training_year_last, training_month_first, training_month_last, testing_year, testing_month_first, testing_month_last, penalty, fit_intercept, loss, shuffle, num_iter, true_pos, true_neg, false_pos, false_neg, precision, recall, f1-score, AUROC
0, 2014, 2014, 12, 12, 2015, 1, 1, none, True, squared_hinge, True, 50, 1928, 288361, 17415, 5698, 0.09967430078064415, 0.25281930238657224, 0.14297897586117392, 0.5979329231309137
1, 2014, 2014, 12, 12, 2015, 1, 1, l2, True, squared_hinge, True, 50, 1646, 294682, 11094, 5980, 0.1291993720565149, 0.21584054550222923, 0.16164195227339684, 0.5897795422817513
2, 2014, 2014, 12, 12, 2015, 1, 1, l1, True, squared_hinge, True, 50, 1617, 297250, 8526, 6009, 0.15942028985507245, 0.2120377655389457, 0.1820023636670606, 0.5920773046207627
3, 2014, 2014, 12, 12, 2015, 1, 1, elasticnet, True, squared_hinge, True, 50, 1661, 293925, 11851, 5965, 0.12292776791000593, 0.21780750065565171, 0.15715772542340808, 0.5895251856268683
4, 2014, 2014, 12, 12, 2015, 1, 1, none, False, squared_hinge, True, 50, 1684, 293818, 11958, 5942, 0.12344231051165518, 0.22082349855756622, 0.1583599774308821, 0.5908582198977983
5, 2014, 2014, 12, 12, 2015, 1, 1, l2, False, squared_hinge, True, 50, 1685, 292765, 13011, 5941, 0.11465704953728906, 0.22095462890112771, 0.1509721351133411, 0.5892019363960403
6, 2014, 2014, 12, 12, 2015, 1, 1, l1, False, squared_hinge, True, 50, 1804, 292154, 13622, 5822, 0.11694541682873072, 0.23655913978494625, 0.15651570362658337, 0.5960050944594765
7, 2014, 2014, 12, 12, 2015, 1, 1, elasticnet, False, squared_hinge, True, 50, 1688, 292609, 13167, 5938, 0.1136317738135308, 0.22134801993181222, 0.15017125572705842, 0.5891435432190064
