test#, training_year_first, training_year_last, training_month_first, training_month_last, testing_year, testing_month_first, testing_month_last, penalty, fit_intercept, loss, shuffle, num_iter, true_pos, true_neg, false_pos, false_neg, precision, recall, f1-score, AUROC
0, 2014, 2014, 7, 12, 2015, 1, 1, none, True, squared_hinge, True, 50, 1069, 288415, 17361, 6557, 0.05800325556158437, 0.14017833726724363, 0.08205403745778322, 0.5417007405032257
1, 2014, 2014, 7, 12, 2015, 1, 1, l2, True, squared_hinge, True, 50, 953, 288973, 16803, 6673, 0.053671998197792295, 0.12496721741410963, 0.07509258529666693, 0.535007613207081
2, 2014, 2014, 7, 12, 2015, 1, 1, l1, True, squared_hinge, True, 50, 843, 294287, 11489, 6783, 0.068358741485566, 0.11054287962234462, 0.08447740254534522, 0.5364848116912414
3, 2014, 2014, 7, 12, 2015, 1, 1, elasticnet, True, squared_hinge, True, 50, 809, 288226, 17550, 6817, 0.04406558091399314, 0.1060844479412536, 0.06226669232249374, 0.5243447460783134
4, 2014, 2014, 7, 12, 2015, 1, 1, none, False, squared_hinge, True, 50, 1373, 280277, 25499, 6253, 0.05109407561774337, 0.1800419617099397, 0.07959881732274335, 0.548325425938953
5, 2014, 2014, 7, 12, 2015, 1, 1, l2, False, squared_hinge, True, 50, 1245, 284489, 21287, 6381, 0.055254748801704244, 0.16325727773406767, 0.0825651568406393, 0.5468204786451721
6, 2014, 2014, 7, 12, 2015, 1, 1, l1, False, squared_hinge, True, 50, 1329, 281339, 24437, 6297, 0.05157960102460607, 0.1742722265932337, 0.07959990416866315, 0.5471771237094681
7, 2014, 2014, 7, 12, 2015, 1, 1, elasticnet, False, squared_hinge, True, 50, 1266, 284366, 21410, 6360, 0.05582995237255248, 0.16601101494885917, 0.083558841000594, 0.5479962196297328
