test#, training_year_first, training_year_last, training_month_first, training_month_last, testing_year, testing_month_first, testing_month_last, penalty, fit_intercept, loss, shuffle, num_iter, true_pos, true_neg, false_pos, false_neg, precision, recall, f1-score, AUROC
0,2014,2014,1,12,2015,1,1, none, True, squared_hinge, True,50,1329,288616,17160,6297,0.071880578,0.174272227,0.101780586,0.559076357
1,2014,2014,1,12,2015,1,1, l2, True, squared_hinge, True,50,896,288721,17055,6730,0.049913654,0.117492788,0.070062947,0.530858332
2,2014,2014,1,12,2015,1,1, l1, True, squared_hinge, True,50,1474,284866,20910,6152,0.065850608,0.193286126,0.098233922,0.562451367
3,2014,2014,1,12,2015,1,1, elasticnet, True, squared_hinge, True,50,882,290422,15354,6744,0.054323725,0.115656963,0.073925069,0.532721868
4,2014,2014,1,12,2015,1,1, none, False, squared_hinge, True,50,1147,289015,16761,6479,0.064049587,0.150406504,0.089840996,0.547795934
5,2014,2014,1,12,2015,1,1, l2, False, squared_hinge, True,50,1299,283817,21959,6327,0.05585175,0.170338316,0.084121228,0.549262154
6,2014,2014,1,12,2015,1,1, l1, False, squared_hinge, True,50,1718,281162,24614,5908,0.06524381,0.22528193,0.101183815,0.572392548
7,2014,2014,1,12,2015,1,1, elasticnet, False, squared_hinge, True,50,1209,288987,16789,6417,0.06717413,0.158536585,0.094364658,0.55181519
