test#, training_year_first, training_year_last, training_month_first, training_month_last, testing_year, testing_month_first, testing_month_last, num_features, penalty, fit_intercept, loss, shuffle, num_iter, true_pos, true_neg, false_pos, false_neg, precision, recall, f1-score, AUROC
0, 1993, 2014, 1, 12, 2015, 1, 1, 27, none, True, squared_hinge, True, 50, 2450, 255160, 50616, 5176, 0.04616892172012211, 0.32126934172567534, 0.08073551703684176, 0.5778682012903401
1, 1993, 2014, 1, 12, 2015, 1, 1, 27, l2, True, squared_hinge, True, 50, 1910, 261390, 44386, 5716, 0.041256264040089856, 0.2504589562024653, 0.07084306961907941, 0.5526502043845251
2, 1993, 2014, 1, 12, 2015, 1, 1, 27, l1, True, squared_hinge, True, 50, 1823, 254409, 51367, 5803, 0.034273359654070315, 0.23905061631261473, 0.059951328597737434, 0.5355308154557684
3, 1993, 2014, 1, 12, 2015, 1, 1, 27, elasticnet, True, squared_hinge, True, 50, 1412, 265866, 39910, 6214, 0.034170659697013696, 0.18515604510883818, 0.05769387921876277, 0.5273178320881955
4, 1993, 2014, 1, 12, 2015, 1, 1, 27, none, False, squared_hinge, True, 50, 2397, 278950, 26826, 5229, 0.08202443280977312, 0.3143194335169158, 0.13009851013596027, 0.6132942727733185
5, 1993, 2014, 1, 12, 2015, 1, 1, 27, l2, False, squared_hinge, True, 50, 2486, 263043, 42733, 5140, 0.05497689024525089, 0.3259900340938893, 0.09408647932633173, 0.5931187023590686
6, 1993, 2014, 1, 12, 2015, 1, 1, 27, l1, False, squared_hinge, True, 50, 1932, 262703, 43073, 5694, 0.04292856349294523, 0.25334382376081827, 0.07341680758488343, 0.5562396346578672
7, 1993, 2014, 1, 12, 2015, 1, 1, 27, elasticnet, False, squared_hinge, True, 50, 1789, 266005, 39771, 5837, 0.043046198267564964, 0.23459218463152373, 0.07274427682673931, 0.5522631924151811
