test#, training_year_first, training_year_last, training_month_first, training_month_last, testing_year, testing_month_first, testing_month_last, num_features, penalty, fit_intercept, loss, shuffle, num_iter, true_pos, true_neg, false_pos, false_neg, precision, recall, f1-score, AUROC
0, 1993, 2014, 1, 12, 2015, 1, 1, 29, none, True, squared_hinge, True, 50, 1915, 292771, 13005, 5711, 0.12835120643431636, 0.25111460792027274, 0.16987492238091015, 0.6042917370091656
1, 1993, 2014, 1, 12, 2015, 1, 1, 29, l2, True, squared_hinge, True, 50, 1988, 294788, 10988, 5638, 0.1532059186189889, 0.26068712300026226, 0.19299097175031552, 0.6123761605268697
2, 1993, 2014, 1, 12, 2015, 1, 1, 29, l1, True, squared_hinge, True, 50, 1801, 294438, 11338, 5825, 0.13707283659334804, 0.23616574875426175, 0.1734649650854804, 0.5995431590299486
3, 1993, 2014, 1, 12, 2015, 1, 1, 29, elasticnet, True, squared_hinge, True, 50, 1886, 293667, 12109, 5740, 0.13476241514826723, 0.24731182795698925, 0.1744600157254521, 0.6038554718247612
4, 1993, 2014, 1, 12, 2015, 1, 1, 29, none, False, squared_hinge, True, 50, 4541, 292620, 13156, 3085, 0.2565971633610216, 0.5954628901127721, 0.35864628993405206, 0.7762189653326667
5, 1993, 2014, 1, 12, 2015, 1, 1, 29, l2, False, squared_hinge, True, 50, 4025, 290326, 15450, 3601, 0.20667522464698332, 0.5277996328350381, 0.29703700970443897, 0.7386362247687304
6, 1993, 2014, 1, 12, 2015, 1, 1, 29, l1, False, squared_hinge, True, 50, 4429, 292292, 13484, 3197, 0.24725060012281583, 0.5807762916338841, 0.3468420846548416, 0.7683393257656627
7, 1993, 2014, 1, 12, 2015, 1, 1, 29, elasticnet, False, squared_hinge, True, 50, 4333, 291001, 14775, 3293, 0.22676365920033495, 0.5681877786519801, 0.3241565048253161, 0.7599340468269058
