test#, training_year_first, training_year_last, training_month_first, training_month_last, testing_year, testing_month_first, testing_month_last, penalty, fit_intercept, loss, shuffle, num_iter, true_pos, true_neg, false_pos, false_neg, precision, recall, f1-score, AUROC
0, 1993, 2014, 1, 12, 2015, 1, 1, none, True, squared_hinge, True, 50, 1864, 262405, 43371, 5762, 0.04120702995468111, 0.24442696039863623, 0.07052458334121565, 0.5512939181669807
1, 1993, 2014, 1, 12, 2015, 1, 1, l2, True, squared_hinge, True, 50, 1737, 263110, 42666, 5889, 0.039118978447402204, 0.22777340676632574, 0.06677045493859195, 0.5441199460182945
2, 1993, 2014, 1, 12, 2015, 1, 1, l1, True, squared_hinge, True, 50, 1318, 266566, 39210, 6308, 0.03252072641136992, 0.17282979281405716, 0.05474103916600906, 0.5222993346886465
3, 1993, 2014, 1, 12, 2015, 1, 1, elasticnet, True, squared_hinge, True, 50, 1676, 271122, 34654, 5950, 0.0461326727222681, 0.21977445580907423, 0.07625807625807626, 0.553221564150678
4, 1993, 2014, 1, 12, 2015, 1, 1, none, False, squared_hinge, True, 50, 1943, 265578, 40198, 5683, 0.04610711658479865, 0.25478625753999473, 0.07808387083810557, 0.5616620053332333
5, 1993, 2014, 1, 12, 2015, 1, 1, l2, False, squared_hinge, True, 50, 1801, 261981, 43795, 5825, 0.03949907886656724, 0.23616574875426175, 0.06767877945210626, 0.5464699943603866
6, 1993, 2014, 1, 12, 2015, 1, 1, l1, False, squared_hinge, True, 50, 1944, 270351, 35425, 5682, 0.05202172924081458, 0.2549173878835563, 0.0864096010667852, 0.5695323033813678
7, 1993, 2014, 1, 12, 2015, 1, 1, elasticnet, False, squared_hinge, True, 50, 1831, 263457, 42319, 5795, 0.0414722536806342, 0.24009965906110675, 0.07072775030902348, 0.5508504809878293
