test#, training_year_first, training_year_last, training_month_first, training_month_last, testing_year, testing_month_first, testing_month_last,num_features, penalty, fit_intercept, loss, shuffle, num_iter, true_pos, true_neg, false_pos, false_neg, precision, recall, f1-score, AUROC
0,2014,2014,12,12,2015,1,1,29, none, True, squared_hinge, True,50,1718,286536,19240,5908,0.08197347075102586,0.2252819302386572,0.12020710887209628,0.5811800263929406
1,2014,2014,12,12,2015,1,1,29, l2, True, squared_hinge, True,50,1694,295111,10665,5932,0.13706610567197994,0.2221348019931812,0.16952714535901928,0.5936281644312618
2,2014,2014,12,12,2015,1,1,29, l1, True, squared_hinge, True,50,1841,292626,13150,5785,0.12280701754385966,0.2414109624967217,0.16279789538842465,0.5992028126281945
3,2014,2014,12,12,2015,1,1,29, elasticnet, True, squared_hinge, True,50,1617,296756,9020,6009,0.15201654601861428,0.2120377655389457,0.17707934074357995,0.5912695237615716
4,2014,2014,12,12,2015,1,1,29, none, False, squared_hinge, True,50,1709,292287,13489,5917,0.11244900644821687,0.2241017571466037,0.14975464423413948,0.589993882602395
5,2014,2014,12,12,2015,1,1,29, l2, False, squared_hinge, True,50,1659,294104,11672,5967,0.12444677818618258,0.2175452399685288,0.15832418762227418,0.5896867532059691
6,2014,2014,12,12,2015,1,1,29, l1, False, squared_hinge, True,50,1917,295795,9981,5709,0.16111951588502268,0.2513768686073958,0.1963736939151813,0.6093676635434028
7,2014,2014,12,12,2015,1,1,29, elasticnet, False, squared_hinge, True,50,1786,293157,12619,5840,0.12398472752516487,0.2341987936008393,0.16213517316508555,0.5964650108446873
