test#,filter_repeat, training_year_first, training_year_last, training_month_first, training_month_last, testing_year, testing_month_first, testing_month_last, features, penalty, fit_intercept, loss, shuffle, num_iter, true_pos, true_neg, false_pos, false_neg, precision, recall, f1-score, AUROC
0,False,2011,2011,1,12,2012,1,1, CUPLS, none, True, squared_hinge, True,50,977,5017247,20624,1923,0.04522938752835517,0.3368965517241379,0.07975184686339333,0.6664013794647614
1,False,2011,2011,1,12,2012,1,1, CUPLS, l2, True, squared_hinge, True,50,959,5010894,26977,1941,0.03432846506300115,0.3306896551724138,0.06220002594370218,0.6626674069059235
2,False,2011,2011,1,12,2012,1,1, CUPLS, l1, True, squared_hinge, True,50,798,5024601,13270,2102,0.056724481091839626,0.2751724137931034,0.09405940594059406,0.6362691823042189
3,False,2011,2011,1,12,2012,1,1, CUPLS, elasticnet, True, squared_hinge, True,50,676,5002140,35731,2224,0.018567857829538275,0.2331034482758621,0.03439590912560104,0.6130054840694577
4,False,2011,2011,1,12,2012,1,1, CUPLS, none, False, squared_hinge, True,50,354,5037230,641,2546,0.35577889447236183,0.12206896551724138,0.1817715019255456,0.5609708646151629
5,False,2011,2011,1,12,2012,1,1, CUPLS, l2, False, squared_hinge, True,50,19,5037867,4,2881,0.8260869565217391,0.006551724137931035,0.013000342114266166,0.5032754650758705
6,False,2011,2011,1,12,2012,1,1, CUPLS, l1, False, squared_hinge, True,50,952,5015492,22379,1948,0.0408040804080408,0.32827586206896553,0.07258587167854827,0.6619168539167877
7,False,2011,2011,1,12,2012,1,1, CUPLS, elasticnet, False, squared_hinge, True,50,919,5014365,23506,1981,0.03762538382804504,0.31689655172413794,0.06726440988106129,0.6561153459398856
