,test#, training_year_first, training_year_last, training_month_first, training_month_last, testing_year, testing_month_first, testing_month_last,num_features, penalty, fit_intercept, loss, shuffle, num_iter, true_pos, true_neg, false_pos, false_neg, precision, recall, f1-score, AUROC
0,0,2014,2014,1,12,2015,1,1,27, none, True, squared_hinge, True,50,2322,270103,35673,5304,0.06111330400000001,0.304484658,0.101795226,0.5939104129999999
1,1,2014,2014,1,12,2015,1,1,27, l2, True, squared_hinge, True,50,975,288753,17023,6651,0.054172686,0.127852085,0.076100531,0.536090307
2,2,2014,2014,1,12,2015,1,1,27, l1, True, squared_hinge, True,50,1713,284283,21493,5913,0.073817116,0.22462627899999998,0.11111831900000001,0.577168131
3,3,2014,2014,1,12,2015,1,1,27, elasticnet, True, squared_hinge, True,50,1252,285308,20468,6374,0.057642726,0.16417519,0.085326791,0.54861865
4,4,2014,2014,1,12,2015,1,1,27, none, False, squared_hinge, True,50,1392,284247,21529,6234,0.060730335,0.18253343800000002,0.09113824599999999,0.556062844
5,5,2014,2014,1,12,2015,1,1,27, l2, False, squared_hinge, True,50,1060,281957,23819,6566,0.042606214,0.138998164,0.065220735,0.530550636
6,6,2014,2014,1,12,2015,1,1,27, l1, False, squared_hinge, True,50,1428,286659,19117,6198,0.069505963,0.18725413100000002,0.101380853,0.562367254
7,7,2014,2014,1,12,2015,1,1,27, elasticnet, False, squared_hinge, True,50,1331,281180,24596,6295,0.051336445,0.174534487,0.079337168,0.54704826
