,test#, training_year_first, training_year_last, training_month_first, training_month_last, testing_year, testing_month_first, testing_month_last,num_features, penalty, fit_intercept, loss, shuffle, num_iter, true_pos, true_neg, false_pos, false_neg, precision, recall, f1-score, AUROC
0,0,1993,2014,1,12,2015,1,1,31, none, True, squared_hinge, True,50,1900,265782,39994,5726,0.0453525564519979,0.24914765276685025,0.07673667205169629,0.5591762804674604
1,1,1993,2014,1,12,2015,1,1,31, l2, True, squared_hinge, True,50,1255,267367,38409,6371,0.031640782573618395,0.16456858116968268,0.05307676041446395,0.5194785111907751
2,2,1993,2014,1,12,2015,1,1,31, l1, True, squared_hinge, True,50,1799,262033,43743,5827,0.039501998155548716,0.23590348806713876,0.06767228408065001,0.5464238935809504
3,3,1993,2014,1,12,2015,1,1,31, elasticnet, True, squared_hinge, True,50,1791,264238,41538,5835,0.04133490272104134,0.23485444531864674,0.07029732116573446,0.5495049527624053
4,4,1993,2014,1,12,2015,1,1,31, none, False, squared_hinge, True,50,1339,282618,23158,6287,0.05465975425562314,0.1755835300288487,0.08336705787130716,0.5499241756679746
5,5,1993,2014,1,12,2015,1,1,31, l2, False, squared_hinge, True,50,1561,268798,36978,6065,0.040504424089882966,0.2046944662995017,0.06762699014404852,0.5418814019530578
6,6,1993,2014,1,12,2015,1,1,31, l1, False, squared_hinge, True,50,2537,264205,41571,5089,0.05751791058311416,0.33267768161552586,0.0980786330073066,0.5983626098413038
7,7,1993,2014,1,12,2015,1,1,31, elasticnet, False, squared_hinge, True,50,2147,271206,34570,5479,0.058474276220824135,0.2815368476265408,0.09683602823444512,0.5842401155091523
