test#, training_year_first, training_year_last, training_month_first, training_month_last, testing_year, testing_month_first, testing_month_last, penalty, fit_intercept, loss, shuffle, num_iter, true_pos, true_neg, false_pos, false_neg, precision, recall, f1-score, AUROC
0, 2014, 2014, 7, 12, 2015, 1, 1, none, True, squared_hinge, True, 50, 1590, 298851, 6925, 6036, 0.18672930123311804, 0.2084972462627852, 0.19701381574871443, 0.5929249744473887
1, 2014, 2014, 7, 12, 2015, 1, 1, l2, True, squared_hinge, True, 50, 3691, 298084, 7692, 3935, 0.32425546868136695, 0.484002098085497, 0.3883423641433006, 0.7294232142878952
2, 2014, 2014, 7, 12, 2015, 1, 1, l1, True, squared_hinge, True, 50, 3559, 297818, 7958, 4067, 0.30902144655726316, 0.46669289273537895, 0.3718330460220446, 0.7203336526886566
3, 2014, 2014, 7, 12, 2015, 1, 1, elasticnet, True, squared_hinge, True, 50, 1497, 298826, 6950, 6129, 0.17722268260921037, 0.19630212431156568, 0.1862751197660673, 0.5867865338736417
4, 2014, 2014, 7, 12, 2015, 1, 1, none, False, squared_hinge, True, 50, 4006, 296861, 8915, 3620, 0.3100379227613962, 0.5253081563073695, 0.3899352703557697, 0.7480764134579598
5, 2014, 2014, 7, 12, 2015, 1, 1, l2, False, squared_hinge, True, 50, 3858, 295639, 10137, 3768, 0.2756698821007503, 0.5059008654602675, 0.35687526016372967, 0.7363745732774625
6, 2014, 2014, 7, 12, 2015, 1, 1, l1, False, squared_hinge, True, 50, 3884, 287445, 18331, 3742, 0.17483682196713932, 0.5093102543928665, 0.26031299219195064, 0.7246805706583138
7, 2014, 2014, 7, 12, 2015, 1, 1, elasticnet, False, squared_hinge, True, 50, 4067, 297294, 8482, 3559, 0.3240895688899514, 0.533307107264621, 0.4031722428748451, 0.7527839235763218
