test#, training_year_first, training_year_last, training_month_first, training_month_last, testing_year, testing_month_first, testing_month_last,num_features, penalty, fit_intercept, loss, shuffle, num_iter, true_pos, true_neg, false_pos, false_neg, precision, recall, f1-score, AUROC
0,2013,2014,1,12,2015,1,1,29, none, True, squared_hinge, True,50,1519,296675,9101,6107,0.14303201506591334,0.1991869918699187,0.1665022470678505,0.5847116870290936
1,2013,2014,1,12,2015,1,1,29, l2, True, squared_hinge, True,50,1597,297411,8365,6029,0.16030917486448504,0.2094151586677157,0.18160109165340005,0.5910292657971512
2,2013,2014,1,12,2015,1,1,29, l1, True, squared_hinge, True,50,1620,295605,10171,6006,0.1373929268085828,0.2124311565696302,0.16686408817016016,0.5895841225786772
3,2013,2014,1,12,2015,1,1,29, elasticnet, True, squared_hinge, True,50,1509,297218,8558,6117,0.14989569881791995,0.1978756884343037,0.17057593398519189,0.584943940182826
4,2013,2014,1,12,2015,1,1,29, none, False, squared_hinge, True,50,4539,290388,15388,3087,0.2277814021177297,0.5952006294256491,0.3294741044532356,0.7724381044674161
5,2013,2014,1,12,2015,1,1,29, l2, False, squared_hinge, True,50,4532,292693,13083,3094,0.2572807266534204,0.5942827170207186,0.3590982924606791,0.7757482472132006
6,2013,2014,1,12,2015,1,1,29, l1, False, squared_hinge, True,50,4364,292682,13094,3262,0.24997135983503266,0.5722528193023866,0.3479508850263117,0.7647153113308542
7,2013,2014,1,12,2015,1,1,29, elasticnet, False, squared_hinge, True,50,4029,292926,12850,3597,0.2386989750577641,0.5283241542092839,0.328830850846766,0.743149963662122
