test#, training_year_first, training_year_last, training_month_first, training_month_last, testing_year, testing_month_first, testing_month_last, penalty, fit_intercept, loss, shuffle, num_iter, true_pos, true_neg, false_pos, false_neg, precision, recall, f1-score, AUROC
0, 2013, 2014, 1, 12, 2015, 1, 1, none, True, squared_hinge, True, 50, 1053, 268743, 37033, 6573, 0.027647954628997534, 0.13808025177025965, 0.04607105355267764, 0.508484359572535
1, 2013, 2014, 1, 12, 2015, 1, 1, l2, True, squared_hinge, True, 50, 1032, 269872, 35904, 6594, 0.02794022092267706, 0.13532651455546812, 0.046317490238319645, 0.5089536136170151
2, 2013, 2014, 1, 12, 2015, 1, 1, l1, True, squared_hinge, True, 50, 1150, 288828, 16948, 6476, 0.06354293292076472, 0.15079989509572514, 0.08941066708132483, 0.547686850378693
3, 2013, 2014, 1, 12, 2015, 1, 1, elasticnet, True, squared_hinge, True, 50, 1043, 280603, 25173, 6583, 0.039784864205065607, 0.13676894833464465, 0.061639383015188225, 0.5272219892110145
4, 2013, 2014, 1, 12, 2015, 1, 1, none, False, squared_hinge, True, 50, 1652, 264205, 41571, 5974, 0.038220391920968, 0.2166273275635982, 0.06497669570689689, 0.54033743281534
5, 2013, 2014, 1, 12, 2015, 1, 1, l2, False, squared_hinge, True, 50, 1764, 261282, 44494, 5862, 0.03813394439880669, 0.23131392604248624, 0.06547398114468117, 0.5429010894405828
6, 2013, 2014, 1, 12, 2015, 1, 1, l1, False, squared_hinge, True, 50, 1640, 267051, 38725, 5986, 0.040629258020562366, 0.21505376344086022, 0.0683461482361276, 0.5442043842059097
7, 2013, 2014, 1, 12, 2015, 1, 1, elasticnet, False, squared_hinge, True, 50, 1844, 262742, 43034, 5782, 0.041089175096929456, 0.24180435352740623, 0.07024226725582812, 0.550533671714255
