,test#, training_year_first, training_year_last, training_month_first, training_month_last, testing_year, testing_month_first, testing_month_last,num_features, penalty, fit_intercept, loss, shuffle, num_iter, true_pos, true_neg, false_pos, false_neg, precision, recall, f1-score, AUROC
0,0,2014,2014,7,12,2015,1,1,31, none, True, squared_hinge, True,50,1184,290476,15300,6442,0.0718272264013589,0.15525832677681614,0.09821650767316467,0.5526108493284426
1,1,2014,2014,7,12,2015,1,1,31, l2, True, squared_hinge, True,50,1174,288814,16962,6452,0.06473312748125276,0.15394702334120114,0.09114199208136016,0.5492375219264742
2,2,2014,2014,7,12,2015,1,1,31, l1, True, squared_hinge, True,50,1130,289530,16246,6496,0.06503222836095764,0.14817728822449516,0.0903927685785137,0.5475234460587706
3,3,2014,2014,7,12,2015,1,1,31, elasticnet, True, squared_hinge, True,50,774,291960,13816,6852,0.05305003427004798,0.10149488591660112,0.06967951026287361,0.5281557418437592
4,4,2014,2014,7,12,2015,1,1,31, none, False, squared_hinge, True,50,1364,282342,23434,6262,0.055004435841600134,0.17886178861788618,0.08413520848754011,0.5511119941990588
5,5,2014,2014,7,12,2015,1,1,31, l2, False, squared_hinge, True,50,1361,283797,21979,6265,0.05831191088260498,0.17846839758720168,0.08790286120260933,0.5532944912953015
6,6,2014,2014,7,12,2015,1,1,31, l1, False, squared_hinge, True,50,1400,282422,23354,6226,0.05655651611860709,0.1835824809861002,0.08647313156269303,0.5536031550972048
7,7,2014,2014,7,12,2015,1,1,31, elasticnet, False, squared_hinge, True,50,1317,282359,23417,6309,0.053246543219859305,0.17269866247049567,0.08139678615574784,0.5480582292520967
