test#, training_year_first, training_year_last, training_month_first, training_month_last, testing_year, testing_month_first, testing_month_last, penalty, fit_intercept, loss, shuffle, num_iter, true_pos, true_neg, false_pos, false_neg, precision, recall, f1-score, AUROC
0, 2014, 2014, 7, 12, 2015, 1, 1, none, True, squared_hinge, True, 50, 3337, 298182, 7594, 4289, 0.30527856554752536, 0.4375819564647259, 0.3596486501050816, 0.7063733915022076
1, 2014, 2014, 7, 12, 2015, 1, 1, l2, True, squared_hinge, True, 50, 1465, 298443, 7333, 6161, 0.16651511707206182, 0.1921059533175977, 0.17839746712128593, 0.5840621729331957
2, 2014, 2014, 7, 12, 2015, 1, 1, l1, True, squared_hinge, True, 50, 1329, 300104, 5672, 6297, 0.18983002428224538, 0.1742722265932337, 0.18171873931770013, 0.5778613500712493
3, 2014, 2014, 7, 12, 2015, 1, 1, elasticnet, True, squared_hinge, True, 50, 3595, 298407, 7369, 4031, 0.32789128055454214, 0.471413585103593, 0.38676707907477137, 0.7236571222048759
4, 2014, 2014, 7, 12, 2015, 1, 1, none, False, squared_hinge, True, 50, 3396, 298427, 7349, 4230, 0.3160539785946952, 0.44531864673485444, 0.3697131348320723, 0.7106423566990164
5, 2014, 2014, 7, 12, 2015, 1, 1, l2, False, squared_hinge, True, 50, 3856, 296637, 9139, 3770, 0.29672951135051945, 0.5056386047731445, 0.37398768245962855, 0.7378753564915379
6, 2014, 2014, 7, 12, 2015, 1, 1, l1, False, squared_hinge, True, 50, 3821, 294860, 10916, 3805, 0.25927936486394787, 0.501049042748492, 0.3417251710414524, 0.7326748536436196
7, 2014, 2014, 7, 12, 2015, 1, 1, elasticnet, False, squared_hinge, True, 50, 4038, 296905, 8871, 3588, 0.31280501975366026, 0.5295043273013376, 0.39327976625273925, 0.7502464470476654
