test#, training_year_first, training_year_last, training_month_first, training_month_last, testing_year, testing_month_first, testing_month_last, penalty, fit_intercept, loss, shuffle, num_iter, true_pos, true_neg, false_pos, false_neg, precision, recall, f1-score, AUROC
0,2014,2014,1,12,2015,1,1, none, True, squared_hinge, True,50,1361,287896,17880,6265,0.070734369,0.178468398,0.101313879,0.55999711
1,2014,2014,1,12,2015,1,1, l2, True, squared_hinge, True,50,841,290346,15430,6785,0.051687051,0.110280619,0.070385404,0.529909421
2,2014,2014,1,12,2015,1,1, l1, True, squared_hinge, True,50,1324,288913,16863,6302,0.072799252,0.173616575,0.102583969,0.559234181
3,2014,2014,1,12,2015,1,1, elasticnet, True, squared_hinge, True,50,825,290667,15109,6801,0.051776076,0.108182533,0.070033956,0.529385273
4,2014,2014,1,12,2015,1,1, none, False, squared_hinge, True,50,1357,278656,27120,6269,0.047652491,0.177943876,0.075173808,0.54462575
5,2014,2014,1,12,2015,1,1, l2, False, squared_hinge, True,50,1286,286099,19677,6340,0.061346181,0.168633622,0.089964672,0.552141297
6,2014,2014,1,12,2015,1,1, l1, False, squared_hinge, True,50,1387,287628,18148,6239,0.071000768,0.181877787,0.102131733,0.561263575
7,2014,2014,1,12,2015,1,1, elasticnet, False, squared_hinge, True,50,1234,287764,18012,6392,0.064117219,0.161814844,0.09184281,0.551454489
