test#, penalty, fit_intercept, loss, shuffle, num_iter, true_pos, true_neg, false_pos, false_neg, precision, recall, f1-score, AUROC
0, none, True, squared_hinge, True, 50, 1341, 287897, 17879, 6285, 0.06977107180020811, 0.17584579071597167, 0.09990315130745735, 0.558687441954187
1, l2, True, squared_hinge, True, 50, 992, 289814, 15962, 6634, 0.058511265777987494, 0.13008130081300814, 0.08071602929210742, 0.5389398445878656
2, l1, True, squared_hinge, True, 50, 1236, 292323, 13453, 6390, 0.08414459799850228, 0.16207710464201416, 0.11077750392112928, 0.5590404229714179
3, elasticnet, True, squared_hinge, True, 50, 804, 290919, 14857, 6822, 0.05133771789796309, 0.1054287962234461, 0.06905140206982437, 0.5284204705307488
4, none, False, squared_hinge, True, 50, 1318, 283812, 21964, 6308, 0.056610256850786016, 0.17282979281405716, 0.08528536301281223, 0.5504997166676115
5, l2, False, squared_hinge, True, 50, 1121, 292146, 13630, 6505, 0.07599484780692835, 0.14699711513244165, 0.10019216159449434, 0.5512110006618202
6, l1, False, squared_hinge, True, 50, 1399, 281103, 24673, 6227, 0.05365909788278613, 0.18345135064253867, 0.083031633924862, 0.5513807823277054
7, elasticnet, False, squared_hinge, True, 50, 1231, 288956, 16820, 6395, 0.06819566783003712, 0.16142145292420665, 0.09588347548389609, 0.5532069328353962
