test#, penalty, fit_intercept, loss, shuffle, num_iter, true_pos, true_neg, false_pos, false_neg, precision, recall, f1-score, AUROC
0, none, True, squared_hinge, True, 50, 1345, 295793, 9983, 6281, 0.11873234463276836, 0.17637031209021767, 0.14192254932995674, 0.5718611149169627
1, l2, True, squared_hinge, True, 50, 1395, 299012, 6764, 6231, 0.17097683539649466, 0.18292682926829268, 0.1767500791891036, 0.5804030305621459
2, l1, True, squared_hinge, True, 50, 4108, 293972, 11804, 3518, 0.2581699346405229, 0.5386834513506426, 0.34905259580253206, 0.7500400146188616
3, elasticnet, True, squared_hinge, True, 50, 1806, 295830, 9946, 5820, 0.15367597004765146, 0.23682140047206923, 0.18639694498916298, 0.6021471609131316
4, none, False, squared_hinge, True, 50, 4165, 293109, 12667, 3461, 0.2474453422053232, 0.546157880933648, 0.3405838580423583, 0.7523660656826683
5, l2, False, squared_hinge, True, 50, 3875, 292459, 13317, 3751, 0.22539553280595626, 0.508130081300813, 0.312273349987912, 0.7322892963146838
6, l1, False, squared_hinge, True, 50, 3977, 293424, 12352, 3649, 0.24355441239512524, 0.521505376344086, 0.33203924024212067, 0.740554896324416
7, elasticnet, False, squared_hinge, True, 50, 3879, 293550, 12226, 3747, 0.24085687674635206, 0.508654602675059, 0.32691416290927483, 0.734335542664514
