test#, training_year_first, training_year_last, training_month_first, training_month_last, testing_year, testing_month_first, testing_month_last, penalty, fit_intercept, loss, shuffle, num_iter, true_pos, true_neg, false_pos, false_neg, precision, recall, f1-score, AUROC
0, 2013, 2014, 1, 12, 2015, 1, 1, none, True, squared_hinge, True, 50, 1102, 268623, 37153, 6524, 0.02880669193569468, 0.14450563860477314, 0.0480373139207951, 0.5115008309187332
1, 2013, 2014, 1, 12, 2015, 1, 1, l2, True, squared_hinge, True, 50, 1316, 263816, 41960, 6310, 0.03040946483039098, 0.17256753212693418, 0.051707202074574674, 0.5176714485499931
2, 2013, 2014, 1, 12, 2015, 1, 1, l1, True, squared_hinge, True, 50, 1240, 270632, 35144, 6386, 0.03408091468777485, 0.16260162601626016, 0.056350829356964324, 0.523833909130782
3, 2013, 2014, 1, 12, 2015, 1, 1, elasticnet, True, squared_hinge, True, 50, 1046, 268021, 37755, 6580, 0.026958068091028582, 0.13716233936532915, 0.045059986645701856, 0.5068448005758674
4, 2013, 2014, 1, 12, 2015, 1, 1, none, False, squared_hinge, True, 50, 1875, 287725, 18051, 5751, 0.09409816320385427, 0.24586939417781276, 0.1361062717770035, 0.5934179920499235
5, 2013, 2014, 1, 12, 2015, 1, 1, l2, False, squared_hinge, True, 50, 1688, 256078, 49698, 5938, 0.03284941423734091, 0.22134801993181222, 0.05720870331458009, 0.5294086392370065
6, 2013, 2014, 1, 12, 2015, 1, 1, l1, False, squared_hinge, True, 50, 2006, 256979, 48797, 5620, 0.039485857134421196, 0.2630474691843693, 0.06866453302298516, 0.5517316645801498
7, 2013, 2014, 1, 12, 2015, 1, 1, elasticnet, False, squared_hinge, True, 50, 1705, 261622, 44154, 5921, 0.03717917965939074, 0.22357723577235772, 0.06375619332523139, 0.5395887068401845
