test#, filter_repeat, training_year_first, training_year_last, training_month_first, training_month_last, testing_year, testing_month_first, testing_month_last, features, penalty, fit_intercept, loss, shuffle, num_iter, true_pos, true_neg, false_pos, false_neg, precision, recall, f1-score, AUROC
0, True, 2011, 2011, 12, 12, 2012, 1, 1, CUPLS, none, True, squared_hinge, True, 50, 798, 3001157, 21667, 821, 0.03552192299131983, 0.4928968499073502, 0.06626806178375685, 0.7428645246008925
1, True, 2011, 2011, 12, 12, 2012, 1, 1, CUPLS, l2, True, squared_hinge, True, 50, 677, 3010057, 12767, 942, 0.05035703659625112, 0.41815935762816553, 0.08988913231096063, 0.7069679118041609
2, True, 2011, 2011, 12, 12, 2012, 1, 1, CUPLS, l1, True, squared_hinge, True, 50, 825, 3001332, 21492, 794, 0.036967334319128915, 0.509573810994441, 0.06893382352941177, 0.7512319515865727
3, True, 2011, 2011, 12, 12, 2012, 1, 1, CUPLS, elasticnet, True, squared_hinge, True, 50, 739, 3007802, 15022, 880, 0.046887887824376626, 0.4564546016059296, 0.08504027617951668, 0.7257425382101047
4, True, 2011, 2011, 12, 12, 2012, 1, 1, CUPLS, none, False, squared_hinge, True, 50, 719, 3010534, 12290, 900, 0.05526942885694519, 0.44410129709697344, 0.09830462127426853, 0.7200177812694126
5, True, 2011, 2011, 12, 12, 2012, 1, 1, CUPLS, l2, False, squared_hinge, True, 50, 477, 3022399, 425, 1142, 0.5288248337028825, 0.29462631253860405, 0.3784212614042046, 0.6472428577669743
6, True, 2011, 2011, 12, 12, 2012, 1, 1, CUPLS, l1, False, squared_hinge, True, 50, 585, 3013217, 9607, 1034, 0.05739795918367347, 0.36133415688696724, 0.09906019812039625, 0.6790780014743978
7, True, 2011, 2011, 12, 12, 2012, 1, 1, CUPLS, elasticnet, False, squared_hinge, True, 50, 550, 3021877, 947, 1069, 0.36740146960587844, 0.339715873996294, 0.35301668806161746, 0.669701295394137
