,test#, training_year_first, training_year_last, training_month_first, training_month_last, testing_year, testing_month_first, testing_month_last,num_features, penalty, fit_intercept, loss, shuffle, num_iter, true_pos, true_neg, false_pos, false_neg, precision, recall, f1-score, AUROC
0,0,2014,2014,7,12,2015,1,1,31, none, True, squared_hinge, True,50,940,289872,15904,6686,0.0558062218000475,0.12326252294781012,0.0768287699223539,0.5356252963229449
1,1,2014,2014,7,12,2015,1,1,31, l2, True, squared_hinge, True,50,1094,291806,13970,6532,0.07262347318109401,0.14345659585628115,0.09643014543851916,0.5488847784890741
2,2,2014,2014,7,12,2015,1,1,31, l1, True, squared_hinge, True,50,1293,287618,18158,6333,0.06647473137627885,0.16955153422501967,0.09550541049599293,0.5550840973934997
3,3,2014,2014,7,12,2015,1,1,31, elasticnet, True, squared_hinge, True,50,1094,291130,14646,6532,0.06950444726810673,0.14345659585628115,0.0936403321064795,0.5477793941554442
4,4,2014,2014,7,12,2015,1,1,31, none, False, squared_hinge, True,50,1242,284570,21206,6384,0.055327868852459015,0.16286388670338314,0.08259626255237082,0.5467562330277944
5,5,2014,2014,7,12,2015,1,1,31, l2, False, squared_hinge, True,50,1172,281558,24218,6454,0.0461599054745963,0.15368476265407816,0.0709958807850739,0.5372414970195722
6,6,2014,2014,7,12,2015,1,1,31, l1, False, squared_hinge, True,50,1090,279126,26650,6536,0.03929343907714492,0.14293207448203515,0.061641124243623814,0.527888385626764
7,7,2014,2014,7,12,2015,1,1,31, elasticnet, False, squared_hinge, True,50,1022,287438,18338,6604,0.05278925619834711,0.13401521111985312,0.07574297784036167,0.5370216027343288
