test#, training_year_first, training_year_last, training_month_first, training_month_last, testing_year, testing_month_first, testing_month_last, penalty, fit_intercept, loss, shuffle, num_iter, true_pos, true_neg, false_pos, false_neg, precision, recall, f1-score, AUROC
0, 2014, 2014, 7, 12, 2015, 1, 1, none, True, squared_hinge, True, 50, 1283, 284446, 21330, 6343, 0.0567372750187945, 0.16824023078940467, 0.084857303482258, 0.5492416422640446
1, 2014, 2014, 7, 12, 2015, 1, 1, l2, True, squared_hinge, True, 50, 1150, 288206, 17570, 6476, 0.06143162393162393, 0.15079989509572514, 0.08729977985272906, 0.5466697659770395
2, 2014, 2014, 7, 12, 2015, 1, 1, l1, True, squared_hinge, True, 50, 1263, 288676, 17100, 6363, 0.06877961117464466, 0.16561762391817467, 0.097194967101466, 0.5548471668332435
3, 2014, 2014, 7, 12, 2015, 1, 1, elasticnet, True, squared_hinge, True, 50, 832, 289844, 15932, 6794, 0.049630159866380336, 0.10910044584316811, 0.06822468224682246, 0.5284984726207101
4, 2014, 2014, 7, 12, 2015, 1, 1, none, False, squared_hinge, True, 50, 1318, 284692, 21084, 6308, 0.05883403267565396, 0.17282979281405716, 0.08778473424803517, 0.5519386785220409
5, 2014, 2014, 7, 12, 2015, 1, 1, l2, False, squared_hinge, True, 50, 1220, 288433, 17343, 6406, 0.06572213543069547, 0.15997901914503015, 0.09316888770094314, 0.5516305147527778
6, 2014, 2014, 7, 12, 2015, 1, 1, l1, False, squared_hinge, True, 50, 1345, 282083, 23693, 6281, 0.05371834811087148, 0.17637031209021767, 0.08235366152338966, 0.549442743298523
7, 2014, 2014, 7, 12, 2015, 1, 1, elasticnet, False, squared_hinge, True, 50, 1110, 281628, 24148, 6516, 0.043946472404782645, 0.14555468135326516, 0.06751003527551393, 0.5332909192439498
