test#, training_year_first, training_year_last, training_month_first, training_month_last, testing_year, testing_month_first, testing_month_last, num_features, penalty, fit_intercept, loss, shuffle, num_iter, true_pos, true_neg, false_pos, false_neg, precision, recall, f1-score, AUROC
0, 1993, 2014, 1, 12, 2015, 1, 1, 29, none, True, squared_hinge, True, 50, 1707, 294628, 11148, 5919, 0.13278879813302216, 0.22383949645948073, 0.16669107953713197, 0.5936907178284008
1, 1993, 2014, 1, 12, 2015, 1, 1, 29, l2, True, squared_hinge, True, 50, 1911, 294077, 11699, 5715, 0.14041146216017633, 0.25059008654602677, 0.17997739687323414, 0.60616502652873
2, 1993, 2014, 1, 12, 2015, 1, 1, 29, l1, True, squared_hinge, True, 50, 1667, 295017, 10759, 5959, 0.1341541928215033, 0.21859428271702072, 0.16626770396967883, 0.5917041975041856
3, 1993, 2014, 1, 12, 2015, 1, 1, 29, elasticnet, True, squared_hinge, True, 50, 1809, 294090, 11686, 5817, 0.13404964801778435, 0.23721479150275374, 0.17129870744756398, 0.5994986363981248
4, 1993, 2014, 1, 12, 2015, 1, 1, 29, none, False, squared_hinge, True, 50, 2044, 291688, 14088, 5582, 0.12670468633771387, 0.26803042223970625, 0.1720683559222157, 0.610978739977579
5, 1993, 2014, 1, 12, 2015, 1, 1, 29, l2, False, squared_hinge, True, 50, 4169, 293583, 12193, 3457, 0.25479770199242147, 0.546682402307894, 0.3475904618976155, 0.7534034035504726
6, 1993, 2014, 1, 12, 2015, 1, 1, 29, l1, False, squared_hinge, True, 50, 4057, 296038, 9738, 3569, 0.29409206234142804, 0.531995803829006, 0.37878717146725177, 0.7500744808481015
7, 1993, 2014, 1, 12, 2015, 1, 1, 29, elasticnet, False, squared_hinge, True, 50, 4271, 291653, 14123, 3355, 0.2321952810699141, 0.5600576973511671, 0.3282859338970023, 0.7569351460959174
