test#, training_year_first, training_year_last, training_month_first, training_month_last, testing_year, testing_month_first, testing_month_last, penalty, fit_intercept, loss, shuffle, num_iter, true_pos, true_neg, false_pos, false_neg, precision, recall, f1-score, AUROC
0,2014,2014,1,12,2015,1,1, none, True, squared_hinge, True,50,1299,289863,15913,6327,0.075470602,0.170338316,0.104597794,0.559148476
1,2014,2014,1,12,2015,1,1, l2, True, squared_hinge, True,50,1260,283604,22172,6366,0.053772619,0.165224233,0.081138515,0.546356818
2,2014,2014,1,12,2015,1,1, l1, True, squared_hinge, True,50,1416,285598,20178,6210,0.06557377,0.185680566,0.096919918,0.559845542
3,2014,2014,1,12,2015,1,1, elasticnet, True, squared_hinge, True,50,1145,289730,16046,6481,0.066604619,0.150144243,0.092275456,0.54883396
4,2014,2014,1,12,2015,1,1, none, False, squared_hinge, True,50,1342,281517,24259,6284,0.052419827,0.175976921,0.080777681,0.548320534
5,2014,2014,1,12,2015,1,1, l2, False, squared_hinge, True,50,1305,286851,18925,6321,0.064508156,0.171125098,0.093696152,0.554616693
6,2014,2014,1,12,2015,1,1, l1, False, squared_hinge, True,50,1300,282044,23732,6326,0.051933525,0.170469447,0.079612959,0.546428538
7,2014,2014,1,12,2015,1,1, elasticnet, False, squared_hinge, True,50,1098,282044,23732,6528,0.044220701,0.143981117,0.067660833,0.533184374
