test#, training_year_first, training_year_last, training_month_first, training_month_last, testing_year, testing_month_first, testing_month_last, penalty, fit_intercept, loss, shuffle, num_iter, true_pos, true_neg, false_pos, false_neg, precision, recall, f1-score, AUROC
0, 2013, 2014, 1, 12, 2015, 1, 1, none, True, squared_hinge, True, 50, 1096, 287601, 18175, 6530, 0.05687302163873177, 0.14371885654340413, 0.0814960776294754, 0.5421399604259587
1, 2013, 2014, 1, 12, 2015, 1, 1, l2, True, squared_hinge, True, 50, 1139, 266064, 39712, 6487, 0.027881814398668332, 0.14935746131654865, 0.04699135672587001, 0.5097423066092973
2, 2013, 2014, 1, 12, 2015, 1, 1, l1, True, squared_hinge, True, 50, 997, 262180, 43596, 6629, 0.022357769156594084, 0.13073695253081563, 0.038185334839809265, 0.49408099784983567
3, 2013, 2014, 1, 12, 2015, 1, 1, elasticnet, True, squared_hinge, True, 50, 1096, 267846, 37930, 6530, 0.02808384154153641, 0.14371885654340413, 0.04698619566149362, 0.5098369019779446
4, 2013, 2014, 1, 12, 2015, 1, 1, none, False, squared_hinge, True, 50, 2381, 218557, 87219, 5245, 0.026573660714285713, 0.3122213480199318, 0.048978668257461985, 0.5134915672128334
5, 2013, 2014, 1, 12, 2015, 1, 1, l2, False, squared_hinge, True, 50, 1600, 259101, 46675, 6026, 0.033143448990160536, 0.2098085496984002, 0.05724405645695068, 0.5285820651270505
6, 2013, 2014, 1, 12, 2015, 1, 1, l1, False, squared_hinge, True, 50, 1568, 291514, 14262, 6058, 0.09905243209096652, 0.20561237870443222, 0.13369713506139155, 0.5794851962069071
7, 2013, 2014, 1, 12, 2015, 1, 1, elasticnet, False, squared_hinge, True, 50, 2232, 258167, 47609, 5394, 0.04478240805762324, 0.2926829268292683, 0.07767936380879462, 0.5684919919060789
