,test#, training_year_first, training_year_last, training_month_first, training_month_last, testing_year, testing_month_first, testing_month_last,num_features, penalty, fit_intercept, loss, shuffle, num_iter, true_pos, true_neg, false_pos, false_neg, precision, recall, f1-score, AUROC
0,0,2014,2014,12,12,2015,1,1,29, none, True, squared_hinge, True,50,1772,292112,13664,5854,0.11479657942472145,0.23236296879097826,0.1536727083514006,0.5938383312376221
1,1,2014,2014,12,12,2015,1,1,29, l2, True, squared_hinge, True,50,1533,297155,8621,6093,0.15097498522749656,0.2010228166797797,0.17244094488188974,0.5864144877182583
2,2,2014,2014,12,12,2015,1,1,29, l1, True, squared_hinge, True,50,1840,289074,16702,5786,0.09923417107108187,0.24127983215316026,0.14062977682665853,0.5933290741530806
3,3,2014,2014,12,12,2015,1,1,29, elasticnet, True, squared_hinge, True,50,1651,296024,9752,5975,0.14478645970358678,0.2164961972200367,0.17352462031635926,0.59230178496866
4,4,2014,2014,12,12,2015,1,1,29, none, False, squared_hinge, True,50,1596,297065,8711,6030,0.15484622101484427,0.2092840283241542,0.17799587352924776,0.5903979269871517
5,5,2014,2014,12,12,2015,1,1,29, l2, False, squared_hinge, True,50,1652,293406,12370,5974,0.11781486235914992,0.2166273275635982,0.15262379896526235,0.5880864386235133
6,6,2014,2014,12,12,2015,1,1,29, l1, False, squared_hinge, True,50,1695,295181,10595,5931,0.13791700569568754,0.22226593233674272,0.17021490259088168,0.5938081924778266
7,7,2014,2014,12,12,2015,1,1,29, elasticnet, False, squared_hinge, True,50,1669,293941,11835,5957,0.12359300947867298,0.2188565434041437,0.15797444391859913,0.590075869943922
