,test#, training_year_first, training_year_last, training_month_first, training_month_last, testing_year, testing_month_first, testing_month_last,num_features, penalty, fit_intercept, loss, shuffle, num_iter, true_pos, true_neg, false_pos, false_neg, precision, recall, f1-score, AUROC
0,0,2014,2014,12,12,2015,1,1,33, none, True, squared_hinge, True,50,1669,293639,12137,5957,0.12088946834709545,0.2188565434041437,0.15574841358715938,0.5895820443984248
1,1,2014,2014,12,12,2015,1,1,33, l2, True, squared_hinge, True,50,1378,298408,7368,6248,0.15755774068145434,0.1806976134277472,0.16833618372831666,0.5783007715508784
2,2,2014,2014,12,12,2015,1,1,33, l1, True, squared_hinge, True,50,1489,296735,9041,6137,0.14140550807217475,0.1952530815630737,0.16402291253580084,0.5828428429112005
3,3,2014,2014,12,12,2015,1,1,33, elasticnet, True, squared_hinge, True,50,1580,296446,9330,6046,0.14482126489459213,0.2071859428271702,0.17047906776003455,0.5883367053887827
4,4,2014,2014,12,12,2015,1,1,33, none, False, squared_hinge, True,50,1878,292270,13506,5748,0.1220748829953198,0.2462627852084973,0.1632333767926988,0.6010465985066087
5,5,2014,2014,12,12,2015,1,1,33, l2, False, squared_hinge, True,50,1686,293629,12147,5940,0.12188245499891565,0.22108575924468926,0.1571368656507759,0.5906803004794426
6,6,2014,2014,12,12,2015,1,1,33, l1, False, squared_hinge, True,50,1597,295824,9952,6029,0.1382803705948567,0.2094151586677157,0.1665710560625815,0.5884342289074019
7,7,2014,2014,12,12,2015,1,1,33, elasticnet, False, squared_hinge, True,50,1880,290963,14813,5746,0.11262205714970347,0.24652504589562024,0.15461162054360789,0.5990405434595573
