test#, filter_repeat, training_year_first, training_year_last, training_month_first, training_month_last, testing_year, testing_month_first, testing_month_last, features, penalty, fit_intercept, loss, shuffle, num_iter, true_pos, true_neg, false_pos, false_neg, precision, recall, f1-score, AUROC
0, True, 2011, 2011, 12, 12, 2012, 1, 1, CUPLS, none, True, squared_hinge, True, 50, 666, 3010341, 12483, 953, 0.05065023956194387, 0.41136504014823966, 0.09019501625135429, 0.7036177290045769
1, True, 2011, 2011, 12, 12, 2012, 1, 1, CUPLS, l2, True, squared_hinge, True, 50, 777, 3005796, 17028, 842, 0.04363942712721146, 0.47992588017294624, 0.08000411861614498, 0.7371463685626266
2, True, 2011, 2011, 12, 12, 2012, 1, 1, CUPLS, l1, True, squared_hinge, True, 50, 596, 3011337, 11487, 1023, 0.04932549863444509, 0.36812847436689317, 0.08699459932856517, 0.6821641927217114
3, True, 2011, 2011, 12, 12, 2012, 1, 1, CUPLS, elasticnet, True, squared_hinge, True, 50, 744, 3003736, 19088, 875, 0.03751512706736587, 0.4595429277331686, 0.06936739545941914, 0.7266141513667498
4, True, 2011, 2011, 12, 12, 2012, 1, 1, CUPLS, none, False, squared_hinge, True, 50, 612, 3012307, 10517, 1007, 0.054991463743373166, 0.37801111797405806, 0.0960150611860684, 0.6872659605188416
5, True, 2011, 2011, 12, 12, 2012, 1, 1, CUPLS, l2, False, squared_hinge, True, 50, 100, 3022299, 525, 1519, 0.16, 0.06176652254478073, 0.08912655971479501, 0.5307964219459856
6, True, 2011, 2011, 12, 12, 2012, 1, 1, CUPLS, l1, False, squared_hinge, True, 50, 603, 3017036, 5788, 1016, 0.0943514317008293, 0.37245213094502777, 0.15056179775280898, 0.685268682574932
7, True, 2011, 2011, 12, 12, 2012, 1, 1, CUPLS, elasticnet, False, squared_hinge, True, 50, 103, 3022263, 561, 1516, 0.15512048192771086, 0.06361951822112415, 0.09023215067893123, 0.5317169650874897
