test#, training_year_first, training_year_last, training_month_first, training_month_last, testing_year, testing_month_first, testing_month_last, penalty, fit_intercept, loss, shuffle, num_iter, true_pos, true_neg, false_pos, false_neg, precision, recall, f1-score, AUROC
0,2014,2014,1,12,2015,1,1, none, True, squared_hinge, True,50,1784,280388,25388,5842,0.065655822,0.233936533,0.102534628,0.575454217
1,2014,2014,1,12,2015,1,1, l2, True, squared_hinge, True,50,1054,289336,16440,6572,0.060249228,0.138211382,0.083917197,0.542223267
2,2014,2014,1,12,2015,1,1, l1, True, squared_hinge, True,50,1495,282846,22930,6131,0.061207779,0.196039864,0.093288821,0.560525164
3,2014,2014,1,12,2015,1,1, elasticnet, True, squared_hinge, True,50,1152,290338,15438,6474,0.069439421,0.151062156,0.095143707,0.550287108
4,2014,2014,1,12,2015,1,1, none, False, squared_hinge, True,50,1227,285455,20321,6399,0.05694264,0.160896932,0.084115994,0.547219893
5,2014,2014,1,12,2015,1,1, l2, False, squared_hinge, True,50,1217,286305,19471,6409,0.058826373,0.159585628,0.085964541,0.547954148
6,2014,2014,1,12,2015,1,1, l1, False, squared_hinge, True,50,1522,286930,18846,6104,0.074725059,0.199580383,0.108737587,0.568973515
7,2014,2014,1,12,2015,1,1, elasticnet, False, squared_hinge, True,50,1167,288354,17422,6459,0.062779063,0.153029111,0.089032996,0.548026381
