test#, filter_repeat, training_year_first, training_year_last, training_month_first, training_month_last, testing_year, testing_month_first, testing_month_last, features, penalty, fit_intercept, loss, shuffle, num_iter, true_pos, true_neg, false_pos, false_neg, precision, recall, f1-score, AUROC
0, True, 2011, 2011, 12, 12, 2012, 1, 1, CUPLS, none, True, squared_hinge, True, 50, 778, 3003596, 19228, 841, 0.038888333499950016, 0.48054354539839406, 0.07195375722543353, 0.7370913030456544
1, True, 2011, 2011, 12, 12, 2012, 1, 1, CUPLS, l2, True, squared_hinge, True, 50, 625, 3019939, 2885, 994, 0.17806267806267806, 0.38604076590487957, 0.24371222460518618, 0.6925431801778158
2, True, 2011, 2011, 12, 12, 2012, 1, 1, CUPLS, l1, True, squared_hinge, True, 50, 719, 3009481, 13343, 900, 0.05113070686957758, 0.44410129709697344, 0.09170333524647663, 0.7198436063918809
3, True, 2011, 2011, 12, 12, 2012, 1, 1, CUPLS, elasticnet, True, squared_hinge, True, 50, 720, 3006611, 16213, 899, 0.04252052205752082, 0.44471896232242125, 0.0776196636481242, 0.7196777173535923
4, True, 2011, 2011, 12, 12, 2012, 1, 1, CUPLS, none, False, squared_hinge, True, 50, 644, 3010379, 12445, 975, 0.04920161968064787, 0.3977764051883879, 0.08757138971988034, 0.6968296970378003
5, True, 2011, 2011, 12, 12, 2012, 1, 1, CUPLS, l2, False, squared_hinge, True, 50, 637, 3014003, 8821, 982, 0.0673503912032142, 0.39345274861025326, 0.1150130901868737, 0.6952673082132867
6, True, 2011, 2011, 12, 12, 2012, 1, 1, CUPLS, l1, False, squared_hinge, True, 50, 611, 3013522, 9302, 1008, 0.06163623524664582, 0.37739345274861025, 0.10596600763094001, 0.6871580989186543
7, True, 2011, 2011, 12, 12, 2012, 1, 1, CUPLS, elasticnet, False, squared_hinge, True, 50, 580, 3014538, 8286, 1039, 0.06541845251522671, 0.3582458307597282, 0.11063423938960419, 0.6777523426968365
