test#, penalty, fit_intercept, loss, shuffle, num_iter, true_pos, true_neg, false_pos, false_neg, precision, recall, f1-score, AUROC
0, none, True, squared_hinge, True, 50, 1329, 288616, 17160, 6297, 0.07188057764075938, 0.1742722265932337, 0.10178058587018955, 0.5590763571352438
1, l2, True, squared_hinge, True, 50, 896, 288721, 17055, 6730, 0.04991365383544092, 0.11749278783110412, 0.07006294717910623, 0.5308583320663552
2, l1, True, squared_hinge, True, 50, 1474, 284866, 20910, 6152, 0.0658506075768406, 0.1932861264096512, 0.09823392202599134, 0.5624513673228728
3, elasticnet, True, squared_hinge, True, 50, 882, 290422, 15354, 6744, 0.05432372505543237, 0.11565696302124312, 0.0739250691475987, 0.5327218675186798
4, none, False, squared_hinge, True, 50, 1147, 289015, 16761, 6479, 0.0640495867768595, 0.15040650406504066, 0.08984099631863397, 0.547795934257417
5, l2, False, squared_hinge, True, 50, 1299, 283817, 21959, 6327, 0.05585174993550606, 0.17033831628638868, 0.08412122782023054, 0.5492621543234046
6, l1, False, squared_hinge, True, 50, 1718, 281162, 24614, 5908, 0.0652438098131551, 0.22528193023865722, 0.1011838153012545, 0.5723925479773685
7, elasticnet, False, squared_hinge, True, 50, 1209, 288987, 16789, 6417, 0.06717413045893988, 0.15853658536585366, 0.09436465813300031, 0.5518151897579098
