test#, penalty, fit_intercept, loss, shuffle, num_iter, true_pos, true_neg, false_pos, false_neg, precision, recall, f1-score, AUROC
0, none, True, squared_hinge, True, 50, 3848, 294294, 11482, 3778, 0.25101108936725375, 0.5045895620246525, 0.33525004356159616, 0.7335195991798737
1, l2, True, squared_hinge, True, 50, 3749, 295840, 9936, 3877, 0.2739495798319328, 0.49160765801206396, 0.35183707944254144, 0.7295566415223839
2, l1, True, squared_hinge, True, 50, 1673, 298416, 7360, 5953, 0.1852097863389793, 0.21938106477838973, 0.20085239210036618, 0.5976555786976037
3, elasticnet, True, squared_hinge, True, 50, 1555, 298232, 7544, 6071, 0.1708979008682273, 0.2039076842381327, 0.18594917787742904, 0.5896180145851853
4, none, False, squared_hinge, True, 50, 4087, 296500, 9276, 3539, 0.305844495996408, 0.535929714135851, 0.38944208871313546, 0.7527968909750994
5, l2, False, squared_hinge, True, 50, 2021, 296060, 9716, 5605, 0.17219050864786573, 0.26501442433779177, 0.2087486443216444, 0.6166197651488552
6, l1, False, squared_hinge, True, 50, 4135, 294587, 11189, 3491, 0.2698381623596972, 0.542223970626803, 0.3603485838779956, 0.752815912371117
7, elasticnet, False, squared_hinge, True, 50, 4135, 292631, 13145, 3491, 0.23929398148148148, 0.542223970626803, 0.3320485023689071, 0.7496174926128626
