test#, training_year_first, training_year_last, training_month_first, training_month_last, testing_year, testing_month_first, testing_month_last, penalty, fit_intercept, loss, shuffle, num_iter, true_pos, true_neg, false_pos, false_neg, precision, recall, f1-score, AUROC
0,2014,2014,1,12,2015,1,1, none, True, squared_hinge, True,50,1471,297518,8258,6155,0.151197451,0.192892735,0.169518871,0.582943019
1,2014,2014,1,12,2015,1,1, l2, True, squared_hinge, True,50,3697,299353,6423,3929,0.365316206,0.48478888,0.416657275,0.731891654
2,2014,2014,1,12,2015,1,1, l1, True, squared_hinge, True,50,3564,294864,10912,4062,0.246200608,0.467348544,0.322504751,0.715831145
3,2014,2014,1,12,2015,1,1, elasticnet, True, squared_hinge, True,50,1675,298047,7729,5951,0.178115695,0.219643325,0.196711685,0.597183326
4,2014,2014,1,12,2015,1,1, none, False, squared_hinge, True,50,4148,294411,11365,3478,0.267388642,0.543928665,0.358528891,0.753380467
5,2014,2014,1,12,2015,1,1, l2, False, squared_hinge, True,50,4102,295257,10519,3524,0.280555366,0.537896669,0.368768823,0.751747835
6,2014,2014,1,12,2015,1,1, l1, False, squared_hinge, True,50,4149,293693,12083,3477,0.25560621,0.544059795,0.347807863,0.75227197
7,2014,2014,1,12,2015,1,1, elasticnet, False, squared_hinge, True,50,3772,292974,12802,3854,0.227585375,0.494623656,0.311735537,0.726378203
