test#, filter_repeat, training_year_first, training_year_last, training_month_first, training_month_last, testing_year, testing_month_first, testing_month_last, features, penalty, fit_intercept, loss, shuffle, num_iter, true_pos, true_neg, false_pos, false_neg, precision, recall, f1-score, AUROC
0, True, 2011, 2011, 12, 12, 2012, 1, 1, CUPLS, none, True, squared_hinge, True, 50, 700, 3008521, 14303, 919, 0.04665733519962674, 0.4323656578134651, 0.08422572494284683, 0.7138169948389866
1, True, 2011, 2011, 12, 12, 2012, 1, 1, CUPLS, l2, True, squared_hinge, True, 50, 709, 3009136, 13688, 910, 0.049246370771688544, 0.4379246448424954, 0.08853646353646354, 0.7166982144215759
2, True, 2011, 2011, 12, 12, 2012, 1, 1, CUPLS, l1, True, squared_hinge, True, 50, 703, 3008222, 14602, 916, 0.04593270173146031, 0.43421865348980854, 0.08307728669345309, 0.7146940356131678
3, True, 2011, 2011, 12, 12, 2012, 1, 1, CUPLS, elasticnet, True, squared_hinge, True, 50, 720, 3007091, 15733, 899, 0.043761016228043514, 0.44471896232242125, 0.07968127490039839, 0.7197571133091624
4, True, 2011, 2011, 12, 12, 2012, 1, 1, CUPLS, none, False, squared_hinge, True, 50, 607, 3013489, 9335, 1012, 0.061054113860390266, 0.37492279184681904, 0.10500821728224202, 0.6859173099958134
5, True, 2011, 2011, 12, 12, 2012, 1, 1, CUPLS, l2, False, squared_hinge, True, 50, 92, 3022295, 529, 1527, 0.14814814814814814, 0.05682520074119827, 0.08214285714285714, 0.5283250994112313
6, True, 2011, 2011, 12, 12, 2012, 1, 1, CUPLS, l1, False, squared_hinge, True, 50, 584, 3013992, 8832, 1035, 0.062022090059473234, 0.3607164916615195, 0.10584503851381966, 0.6788973602482714
7, True, 2011, 2011, 12, 12, 2012, 1, 1, CUPLS, elasticnet, False, squared_hinge, True, 50, 103, 3022263, 561, 1516, 0.15512048192771086, 0.06361951822112415, 0.09023215067893123, 0.5317169650874897
