test#, training_year_first, training_year_last, training_month_first, training_month_last, testing_year, testing_month_first, testing_month_last, penalty, fit_intercept, loss, shuffle, num_iter, true_pos, true_neg, false_pos, false_neg, precision, recall, f1-score, AUROC
0,2014,2014,1,12,2015,1,1, none, True, squared_hinge, True,50,3546,297586,8190,4080,0.302147239,0.464988198,0.366284475,0.719101943
1,2014,2014,1,12,2015,1,1, l2, True, squared_hinge, True,50,1633,297843,7933,5993,0.17070876,0.214135851,0.18997208,0.594096011
2,2014,2014,1,12,2015,1,1, l1, True, squared_hinge, True,50,3761,295785,9991,3865,0.273487493,0.493181222,0.351857049,0.730253488
3,2014,2014,1,12,2015,1,1, elasticnet, True, squared_hinge, True,50,1600,298520,7256,6026,0.180668473,0.20980855,0.194151195,0.59303938
4,2014,2014,1,12,2015,1,1, none, False, squared_hinge, True,50,3903,293170,12606,3723,0.2364165,0.511801731,0.323430702,0.735287737
5,2014,2014,1,12,2015,1,1, l2, False, squared_hinge, True,50,4040,295274,10502,3586,0.277815981,0.529766588,0.364489354,0.747710592
6,2014,2014,1,12,2015,1,1, l1, False, squared_hinge, True,50,4155,293038,12738,3471,0.245959865,0.544846577,0.338920837,0.751594316
7,2014,2014,1,12,2015,1,1, elasticnet, False, squared_hinge, True,50,4092,294830,10946,3534,0.272110653,0.536585366,0.361101306,0.75039396
