test#, penalty, fit_intercept, loss, shuffle, num_iter, true_pos, true_neg, false_pos, false_neg, precision, recall, f1-score, AUROC
0, none, True, squared_hinge, True, 50, 1480, 297057, 8719, 6146, 0.14511226590842238, 0.19407290847102018, 0.16605890603085552, 0.5827792855891808
1, l2, True, squared_hinge, True, 50, 1568, 298685, 7091, 6058, 0.18108326596604687, 0.20561237870443222, 0.192569849554805, 0.5912111001365811
2, l1, True, squared_hinge, True, 50, 3647, 298227, 7549, 3979, 0.325741336191497, 0.47823236296879096, 0.38752523642545955, 0.7267721780308871
3, elasticnet, True, squared_hinge, True, 50, 3819, 297864, 7912, 3807, 0.32554769414372176, 0.500786782061369, 0.39458593790360075, 0.7374558158122239
4, none, False, squared_hinge, True, 50, 4166, 292072, 13704, 3460, 0.23312814773363177, 0.5462890112772095, 0.32679636021336683, 0.7507359451237181
5, l2, False, squared_hinge, True, 50, 4080, 296102, 9674, 3546, 0.29664097717027776, 0.5350118017309206, 0.381665107577175, 0.75168713157029
6, l1, False, squared_hinge, True, 50, 3955, 296289, 9487, 3671, 0.2942270495461985, 0.5186205087857331, 0.37545092082779574, 0.7437972644917624
7, elasticnet, False, squared_hinge, True, 50, 1927, 296349, 9427, 5699, 0.16971992249427514, 0.25268817204301075, 0.20305584826132772, 0.6109292071559306
