test#, penalty, fit_intercept, loss, shuffle, num_iter, true_pos, true_neg, false_pos, false_neg, precision, recall, f1-score, AUROC
0, none, True, squared_hinge, True, 50, 3687, 295783, 9993, 3939, 0.2695175438596491, 0.48347757671125097, 0.3460996902281048, 0.7253983953882245
1, l2, True, squared_hinge, True, 50, 3773, 297969, 7807, 3853, 0.3258203799654577, 0.49475478625754, 0.3928980526918672, 0.7346115122224857
2, l1, True, squared_hinge, True, 50, 3608, 297607, 8169, 4018, 0.3063598539526195, 0.4731182795698925, 0.371901252383652, 0.7232013222976353
3, elasticnet, True, squared_hinge, True, 50, 1615, 297873, 7903, 6011, 0.1696785038873713, 0.2117755048518227, 0.18840410639290714, 0.5929648938627801
4, none, False, squared_hinge, True, 50, 3786, 296701, 9075, 3840, 0.2943783531607185, 0.4964594807238395, 0.36960023429491873, 0.7333904462381169
5, l2, False, squared_hinge, True, 50, 4011, 297000, 8776, 3615, 0.3136779541722061, 0.5259638080251771, 0.3929848625875667, 0.7486315298825063
6, l1, False, squared_hinge, True, 50, 3968, 294279, 11497, 3658, 0.2565793727772389, 0.5203252032520326, 0.3436836862846997, 0.7413628920346815
7, elasticnet, False, squared_hinge, True, 50, 3962, 295496, 10280, 3664, 0.2781912652717315, 0.5195384211906635, 0.36235595390524966, 0.7429595198413158
