test#, training_year_first, training_year_last, training_month_first, training_month_last, testing_year, testing_month_first, testing_month_last, penalty, fit_intercept, loss, shuffle, num_iter, true_pos, true_neg, false_pos, false_neg, precision, recall, f1-score, AUROC
0, 2014, 2014, 12, 12, 2015, 1, 1, none, True, squared_hinge, True, 50, 1758, 292659, 13117, 5868, 0.11818487394957983, 0.23052714398111723, 0.15625972179014266, 0.5938148644399334
1, 2014, 2014, 12, 12, 2015, 1, 1, l2, True, squared_hinge, True, 50, 1384, 298287, 7489, 6242, 0.15597881212667644, 0.18148439548911618, 0.16776774349960605, 0.5784963053265789
2, 2014, 2014, 12, 12, 2015, 1, 1, l1, True, squared_hinge, True, 50, 1870, 288395, 17381, 5756, 0.09713781102280401, 0.24521374246000524, 0.13915243516761544, 0.5941857394210966
3, 2014, 2014, 12, 12, 2015, 1, 1, elasticnet, True, squared_hinge, True, 50, 1620, 297072, 8704, 6006, 0.1569159240604417, 0.21243115656963021, 0.18050139275766017, 0.5919829373973681
4, 2014, 2014, 12, 12, 2015, 1, 1, none, False, squared_hinge, True, 50, 1824, 288817, 16959, 5802, 0.097109088005111, 0.23918174665617625, 0.1381347267976826, 0.5918597891357382
5, 2014, 2014, 12, 12, 2015, 1, 1, l2, False, squared_hinge, True, 50, 1613, 295619, 10157, 6013, 0.13704333050127443, 0.21151324416469972, 0.16632295318622398, 0.5891480589511688
6, 2014, 2014, 12, 12, 2015, 1, 1, l1, False, squared_hinge, True, 50, 1760, 290462, 15314, 5866, 0.10308070750849245, 0.23078940466824024, 0.1425101214574899, 0.5903534956991978
7, 2014, 2014, 12, 12, 2015, 1, 1, elasticnet, False, squared_hinge, True, 50, 1726, 293284, 12492, 5900, 0.1213954142636095, 0.22633097298714921, 0.15802966489653908, 0.5927387688963793
