,test#, training_year_first, training_year_last, training_month_first, training_month_last, testing_year, testing_month_first, testing_month_last,num_features, penalty, fit_intercept, loss, shuffle, num_iter, true_pos, true_neg, false_pos, false_neg, precision, recall, f1-score, AUROC
0,0,2014,2014,12,12,2015,1,1,27, none, True, squared_hinge, True,50,1432,289681,16095,6194,0.08170251611798937,0.18777865198006816,0.11386315747624537,0.5675710407093058
1,1,2014,2014,12,12,2015,1,1,27, l2, True, squared_hinge, True,50,1249,290682,15094,6377,0.0764241571314936,0.16378179910831367,0.1042179481830698,0.5572094333828419
2,2,2014,2014,12,12,2015,1,1,27, l1, True, squared_hinge, True,50,1296,292797,12979,6330,0.09078809106830124,0.16994492525570418,0.11835076023925847,0.5637494104589441
3,3,2014,2014,12,12,2015,1,1,27, elasticnet, True, squared_hinge, True,50,1251,293105,12671,6375,0.08985777905473352,0.16404405979543665,0.11611286430295158,0.5613026143778607
4,4,2014,2014,12,12,2015,1,1,27, none, False, squared_hinge, True,50,1691,284220,21556,5935,0.07274056867552803,0.22174141096249672,0.10954555760697048,0.5756226807834303
5,5,2014,2014,12,12,2015,1,1,27, l2, False, squared_hinge, True,50,1363,286579,19197,6263,0.06629377431906615,0.1787306582743247,0.09671468104732846,0.5579747033195703
6,6,2014,2014,12,12,2015,1,1,27, l1, False, squared_hinge, True,50,1643,280759,25017,5983,0.06162790697674419,0.21544715447154472,0.09584086799276673,0.5668161809718405
7,7,2014,2014,12,12,2015,1,1,27, elasticnet, False, squared_hinge, True,50,1569,280700,25076,6057,0.0588853443422781,0.2057435090479937,0.09156429634384756,0.5618678824084613
