test#, penalty, fit_intercept, loss, shuffle, num_iter, true_pos, true_neg, false_pos, false_neg, precision, recall, f1-score, AUROC
0, none, True, squared_hinge, True, 50, 1690, 284797, 20979, 5936, 0.0745511491464114, 0.22161028061893523, 0.11156956593497276, 0.5765006167366562
1, l2, True, squared_hinge, True, 50, 1212, 284119, 21657, 6414, 0.05299750754296209, 0.15892997639653816, 0.07948844072798819, 0.5440518099239768
2, l1, True, squared_hinge, True, 50, 1857, 284116, 21660, 5769, 0.07896415359101926, 0.24350904799370574, 0.11925633368654272, 0.586336440170784
3, elasticnet, True, squared_hinge, True, 50, 1276, 284291, 21485, 6350, 0.05606080576424586, 0.16732231838447417, 0.08398328232467832, 0.5485292325531287
4, none, False, squared_hinge, True, 50, 1302, 285567, 20209, 6324, 0.06052717214448422, 0.17073170731707318, 0.08937090297559803, 0.5523204217083508
5, l2, False, squared_hinge, True, 50, 1119, 290400, 15376, 6507, 0.06783873901182176, 0.14673485444531864, 0.09278222295924714, 0.5482248391843567
6, l1, False, squared_hinge, True, 50, 1615, 283510, 22266, 6011, 0.06762698379464846, 0.2117755048518227, 0.10251690100612561, 0.569478747140997
7, elasticnet, False, squared_hinge, True, 50, 1176, 290498, 15278, 6450, 0.07147198249665734, 0.15420928402832415, 0.09767441860465116, 0.5521223020005575
