test#, training_year_first, training_year_last, training_month_first, training_month_last, testing_year, testing_month_first, testing_month_last, num_features, penalty, fit_intercept, loss, shuffle, num_iter, true_pos, true_neg, false_pos, false_neg, precision, recall, f1-score, AUROC
0, 1993, 2014, 1, 12, 2015, 1, 1, 29, none, True, squared_hinge, True, 50, 1932, 295548, 10228, 5694, 0.15888157894736843, 0.25334382376081827, 0.19528959870615586, 0.6099472506905185
1, 1993, 2014, 1, 12, 2015, 1, 1, 29, l2, True, squared_hinge, True, 50, 1906, 294348, 11428, 5720, 0.14294285285735714, 0.24993443482821925, 0.1818702290076336, 0.6062803355136335
2, 1993, 2014, 1, 12, 2015, 1, 1, 29, l1, True, squared_hinge, True, 50, 2314, 288867, 16909, 5312, 0.1203766321593924, 0.3034356150013113, 0.1723714104808373, 0.6240684825045801
3, 1993, 2014, 1, 12, 2015, 1, 1, 29, elasticnet, True, squared_hinge, True, 50, 1835, 294211, 11565, 5791, 0.1369402985074627, 0.24062418043535275, 0.17454580043755352, 0.6014011881194083
4, 1993, 2014, 1, 12, 2015, 1, 1, 29, none, False, squared_hinge, True, 50, 2329, 292088, 13688, 5297, 0.14540800399575451, 0.3054025701547338, 0.1970139153237745, 0.630318887505288
5, 1993, 2014, 1, 12, 2015, 1, 1, 29, l2, False, squared_hinge, True, 50, 2545, 290127, 15649, 5081, 0.13988127954270638, 0.33372672436401785, 0.19713400464756003, 0.6412743689320481
6, 1993, 2014, 1, 12, 2015, 1, 1, 29, l1, False, squared_hinge, True, 50, 4412, 289822, 15954, 3214, 0.21663556908573112, 0.5785470757933385, 0.31523292369248357, 0.7631858135494348
7, 1993, 2014, 1, 12, 2015, 1, 1, 29, elasticnet, False, squared_hinge, True, 50, 4117, 291624, 14152, 3509, 0.22535442552958565, 0.5398636244426961, 0.317976443328828, 0.7467906893078429
