test#, training_year_first, training_year_last, training_month_first, training_month_last, testing_year, testing_month_first, testing_month_last, penalty, fit_intercept, loss, shuffle, num_iter, true_pos, true_neg, false_pos, false_neg, precision, recall, f1-score, AUROC
0,2014,2014,1,12,2015,1,1, none, True, squared_hinge, True,50,1724,296948,8828,5902,0.16338135,0.226068712,0.189679833,0.598598952
1,2014,2014,1,12,2015,1,1, l2, True, squared_hinge, True,50,1613,298326,7450,6013,0.177976388,0.211513244,0.193300977,0.593574502
2,2014,2014,1,12,2015,1,1, l1, True, squared_hinge, True,50,3741,295621,10155,3885,0.269214162,0.490558615,0.347644271,0.728674015
3,2014,2014,1,12,2015,1,1, elasticnet, True, squared_hinge, True,50,1442,296930,8846,6184,0.140163297,0.189089955,0.160991403,0.580080141
4,2014,2014,1,12,2015,1,1, none, False, squared_hinge, True,50,3974,296096,9680,3652,0.291050242,0.521111985,0.373496241,0.744727412
5,2014,2014,1,12,2015,1,1, l2, False, squared_hinge, True,50,4021,295440,10336,3605,0.280072439,0.527275111,0.36582814,0.746736295
6,2014,2014,1,12,2015,1,1, l1, False, squared_hinge, True,50,4062,294512,11264,3564,0.265039802,0.532651456,0.353956082,0.747907016
7,2014,2014,1,12,2015,1,1, elasticnet, False, squared_hinge, True,50,3977,294829,10947,3649,0.266483516,0.521505376,0.352727273,0.74285233
