,test#, training_year_first, training_year_last, training_month_first, training_month_last, testing_year, testing_month_first, testing_month_last,num_features, penalty, fit_intercept, loss, shuffle, num_iter, true_pos, true_neg, false_pos, false_neg, precision, recall, f1-score, AUROC
0,0,2014,2014,7,12,2015,1,1,29, none, True, squared_hinge, True,50,1444,299397,6379,6182,0.1845839192125783,0.1893522161028062,0.18693766586834099,0.5842452697907156
1,1,2014,2014,7,12,2015,1,1,29, l2, True, squared_hinge, True,50,3728,297764,8012,3898,0.3175468483816013,0.4888539207972725,0.3850046473200455,0.7313258667876268
2,2,2014,2014,7,12,2015,1,1,29, l1, True, squared_hinge, True,50,1567,298312,7464,6059,0.17351345365961687,0.2054812483608707,0.18814912649336613,0.5905356113605933
3,3,2014,2014,7,12,2015,1,1,29, elasticnet, True, squared_hinge, True,50,1440,298465,7311,6186,0.164552622557422,0.1888276947285602,0.17585638395310502,0.5824590176850378
4,4,2014,2014,7,12,2015,1,1,29, none, False, squared_hinge, True,50,4161,296076,9700,3465,0.3001947911406104,0.5456333595594021,0.3873039512263229,0.7569553957024681
5,5,2014,2014,7,12,2015,1,1,29, l2, False, squared_hinge, True,50,3994,296842,8934,3632,0.3089418316831683,0.5237345921846315,0.3886348156076676,0.7472585629020064
6,6,2014,2014,7,12,2015,1,1,29, l1, False, squared_hinge, True,50,1932,291931,13845,5694,0.12245674082525194,0.2533438237608183,0.16510703755928727,0.6040327904320286
7,7,2014,2014,7,12,2015,1,1,29, elasticnet, False, squared_hinge, True,50,4231,294809,10967,3395,0.27839189367021977,0.554812483608707,0.3707500876270592,0.7594731796935272
