test#, training_year_first, training_year_last, training_month_first, training_month_last, testing_year, testing_month_first, testing_month_last, penalty, fit_intercept, loss, shuffle, num_iter, true_pos, true_neg, false_pos, false_neg, precision, recall, f1-score, AUROC
0, 2013, 2014, 1, 12, 2015, 1, 1, none, True, squared_hinge, True, 50, 1598, 296713, 9063, 6028, 0.14989213019416564, 0.2095462890112772, 0.1747689615573905, 0.5899534725889414
1, 2013, 2014, 1, 12, 2015, 1, 1, l2, True, squared_hinge, True, 50, 1644, 296926, 8850, 5982, 0.1566609491137793, 0.2155782848151062, 0.18145695364238412, 0.5933177646669848
2, 2013, 2014, 1, 12, 2015, 1, 1, l1, True, squared_hinge, True, 50, 1801, 296017, 9759, 5825, 0.15579584775086505, 0.23616574875426175, 0.18774106119045136, 0.602125114448294
3, 2013, 2014, 1, 12, 2015, 1, 1, elasticnet, True, squared_hinge, True, 50, 1531, 297678, 8098, 6095, 0.15899885761761345, 0.20076055599265671, 0.17745580991017096, 0.587138558567727
4, 2013, 2014, 1, 12, 2015, 1, 1, none, False, squared_hinge, True, 50, 4492, 291680, 14096, 3134, 0.2416612868517323, 0.5890375032782585, 0.34271763179980164, 0.7714691990254512
5, 2013, 2014, 1, 12, 2015, 1, 1, l2, False, squared_hinge, True, 50, 2333, 291530, 14246, 5293, 0.14072018818987878, 0.3059270915289798, 0.19277008882462304, 0.6296687155619888
6, 2013, 2014, 1, 12, 2015, 1, 1, l1, False, squared_hinge, True, 50, 2016, 293992, 11784, 5610, 0.14608695652173914, 0.26435877261998425, 0.18818258190982917, 0.6129103789320421
7, 2013, 2014, 1, 12, 2015, 1, 1, elasticnet, False, squared_hinge, True, 50, 4636, 292259, 13517, 2990, 0.2553847848840412, 0.6079202727511146, 0.3596726017300904, 0.7818573552547368
