test#, penalty, fit_intercept, loss, shuffle, num_iter, true_pos, true_neg, false_pos, false_neg, precision, recall, f1-score, AUROC
0, none, True, squared_hinge, True, 50, 1302, 285467, 20309, 6324, 0.06024709638609967, 0.17073170731707318, 0.08906522557033895, 0.552156903315802
1, l2, True, squared_hinge, True, 50, 1077, 292590, 13186, 6549, 0.0755100609969852, 0.14122738001573565, 0.09840559184978756, 0.5490521547663838
2, l1, True, squared_hinge, True, 50, 1337, 288387, 17389, 6289, 0.07139805617857524, 0.17532126934172568, 0.10147237401335761, 0.559226421390553
3, elasticnet, True, squared_hinge, True, 50, 1079, 290323, 15453, 6547, 0.0652673602709896, 0.14148964070285863, 0.08932858680354333, 0.5454763231508643
4, none, False, squared_hinge, True, 50, 1363, 282411, 23365, 6263, 0.05511970236169524, 0.1787306582743247, 0.08425542436792978, 0.5511592567181366
5, l2, False, squared_hinge, True, 50, 1276, 290693, 15083, 6350, 0.07799987774313834, 0.16732231838447417, 0.10639983322910151, 0.5589976800441024
6, l1, False, squared_hinge, True, 50, 1319, 286609, 19167, 6307, 0.06438543395489603, 0.17296092315761868, 0.09383892999430848, 0.555138891278982
7, elasticnet, False, squared_hinge, True, 50, 1480, 286151, 19625, 6146, 0.07012556266287609, 0.19407290847102018, 0.10302460756673976, 0.5649459696978093
