,test#, training_year_first, training_year_last, training_month_first, training_month_last, testing_year, testing_month_first, testing_month_last,num_features, penalty, fit_intercept, loss, shuffle, num_iter, true_pos, true_neg, false_pos, false_neg, precision, recall, f1-score, AUROC
0,0,2014,2014,7,12,2015,1,1,31, none, True, squared_hinge, True,50,1082,287984,17792,6544,0.05732754053194871,0.14188303173354316,0.08166037735849056,0.5418483234644901
1,1,2014,2014,7,12,2015,1,1,31, l2, True, squared_hinge, True,50,834,287347,18429,6792,0.04329543684784302,0.1093627065302911,0.0620328015173491,0.5245465487023283
2,2,2014,2014,7,12,2015,1,1,31, l1, True, squared_hinge, True,50,1227,289850,15926,6399,0.07153267649973766,0.16089693154996065,0.0990354735865047,0.5544065265776594
3,3,2014,2014,7,12,2015,1,1,31, elasticnet, True, squared_hinge, True,50,817,290050,15726,6809,0.04938644744000484,0.1071334906897456,0.06760726550539947,0.5278518429326494
4,4,2014,2014,7,12,2015,1,1,31, none, False, squared_hinge, True,50,1332,285137,20639,6294,0.0606253698056529,0.17466561762391816,0.09000912254620401,0.5535842477738135
5,5,2014,2014,7,12,2015,1,1,31, l2, False, squared_hinge, True,50,1284,283433,22343,6342,0.054344605747661576,0.16837136113296616,0.08216811186126131,0.5476507661193061
6,6,2014,2014,7,12,2015,1,1,31, l1, False, squared_hinge, True,50,1237,284253,21523,6389,0.054349736379613364,0.16220823498557566,0.0814190745738169,0.5459100538645109
7,7,2014,2014,7,12,2015,1,1,31, elasticnet, False, squared_hinge, True,50,1251,285383,20393,6375,0.05779892810940676,0.16404405979543665,0.08548001366586948,0.5486757241052428
