,test#, training_year_first, training_year_last, training_month_first, training_month_last, testing_year, testing_month_first, testing_month_last,num_features, penalty, fit_intercept, loss, shuffle, num_iter, true_pos, true_neg, false_pos, false_neg, precision, recall, f1-score, AUROC
0,0,2014,2014,12,12,2015,1,1,31, none, True, squared_hinge, True,50,1355,290766,15010,6271,0.08279865566758325,0.17768161552583267,0.11295902630152972,0.5642966970413424
1,1,2014,2014,12,12,2015,1,1,31, l2, True, squared_hinge, True,50,1227,291500,14276,6399,0.07914597174740373,0.16089693154996065,0.10610056638851656,0.5571045800547145
2,2,2014,2014,12,12,2015,1,1,31, l1, True, squared_hinge, True,50,1599,284629,21147,6027,0.07029807438670535,0.20967741935483872,0.1052943500592651,0.570259475205126
3,3,2014,2014,12,12,2015,1,1,31, elasticnet, True, squared_hinge, True,50,1257,288915,16861,6369,0.069378518600287,0.16483084185680566,0.0976538222498446,0.5548445847607507
4,4,2014,2014,12,12,2015,1,1,31, none, False, squared_hinge, True,50,1711,284765,21011,5915,0.07530146994102632,0.22436401783372675,0.11275866613944907,0.5778251594584363
5,5,2014,2014,12,12,2015,1,1,31, l2, False, squared_hinge, True,50,1599,280989,24787,6027,0.06060031835064049,0.20967741935483872,0.09402563801011407,0.5643074057163499
6,6,2014,2014,12,12,2015,1,1,31, l1, False, squared_hinge, True,50,1404,287347,18429,6222,0.07079110573286948,0.1841070023603462,0.1022615535889872,0.5619186966173558
7,7,2014,2014,12,12,2015,1,1,31, elasticnet, False, squared_hinge, True,50,1591,278754,27022,6035,0.05560409604026142,0.2086283766063467,0.08780595491045559,0.5601282482686383
