,test#, training_year_first, training_year_last, training_month_first, training_month_last, testing_year, testing_month_first, testing_month_last,num_features, penalty, fit_intercept, loss, shuffle, num_iter, true_pos, true_neg, false_pos, false_neg, precision, recall, f1-score, AUROC
0,0,2014,2014,7,12,2015,1,1,33, none, True, squared_hinge, True,50,3822,293824,11952,3804,0.2422974515024724,0.5011801730920535,0.32666666666666666,0.7310463682685949
1,1,2014,2014,7,12,2015,1,1,33, l2, True, squared_hinge, True,50,1118,299531,6245,6508,0.15184028249354886,0.14660372410175715,0.14917606244579354,0.5630901384362064
2,2,2014,2014,7,12,2015,1,1,33, l1, True, squared_hinge, True,50,1550,298644,7132,6076,0.17853029255931813,0.2032520325203252,0.1900907530046603,0.5899638845035825
3,3,2014,2014,7,12,2015,1,1,33, elasticnet, True, squared_hinge, True,50,1428,298267,7509,6198,0.15978516280631086,0.1872541306058222,0.17243253033870676,0.5813484692064221
4,4,2014,2014,7,12,2015,1,1,33, none, False, squared_hinge, True,50,3955,296473,9303,3671,0.2983104540654699,0.5186205087857331,0.3787588584562345,0.7440981383340523
5,5,2014,2014,7,12,2015,1,1,33, l2, False, squared_hinge, True,50,3771,296622,9154,3855,0.2917601547388781,0.49449252557041706,0.3669894409031191,0.7322777891312919
6,6,2014,2014,7,12,2015,1,1,33, l1, False, squared_hinge, True,50,3830,297650,8126,3796,0.3203412512546002,0.5022292158405455,0.3911755694004698,0.7378271033417576
7,7,2014,2014,7,12,2015,1,1,33, elasticnet, False, squared_hinge, True,50,3968,295411,10365,3658,0.27684364752668666,0.5203252032520326,0.36140079238581,0.7432139202383339
