test#, penalty, fit_intercept, loss, shuffle, num_iter, true_pos, true_neg, false_pos, false_neg, precision, recall, f1-score, AUROC
0, none, True, squared_hinge, True, 50, 3546, 297586, 8190, 4080, 0.30214723926380366, 0.46498819826907944, 0.3662844747443445, 0.7191019427847934
1, l2, True, squared_hinge, True, 50, 1633, 297843, 7933, 5993, 0.1707087601923479, 0.21413585103592972, 0.18997208003722663, 0.594096011437069
2, l1, True, squared_hinge, True, 50, 3761, 295785, 9991, 3865, 0.27348749272833045, 0.493181222134802, 0.35185704930302186, 0.730253488467851
3, elasticnet, True, squared_hinge, True, 50, 1600, 298520, 7256, 6026, 0.18066847335140018, 0.2098085496984002, 0.19415119524329574, 0.5930393802858596
4, none, False, squared_hinge, True, 50, 3903, 293170, 12606, 3723, 0.23641650009085954, 0.511801730920535, 0.32343070229956494, 0.7352877368955665
5, l2, False, squared_hinge, True, 50, 4040, 295274, 10502, 3586, 0.2778159812955577, 0.5297665879884605, 0.36448935402381816, 0.7477105924087559
6, l1, False, squared_hinge, True, 50, 4155, 293038, 12738, 3471, 0.24595986503285386, 0.544846577498033, 0.33892083690199437, 0.7515943159061512
7, elasticnet, False, squared_hinge, True, 50, 4092, 294830, 10946, 3534, 0.27211065301236864, 0.5365853658536586, 0.36110130603600415, 0.7503939596784382
