test#, training_year_first, training_year_last, training_month_first, training_month_last, testing_year, testing_month_first, testing_month_last, penalty, fit_intercept, loss, shuffle, num_iter, true_pos, true_neg, false_pos, false_neg, precision, recall, f1-score, AUROC
0, 2014, 2014, 12, 12, 2015, 1, 1, none, True, squared_hinge, True, 50, 1402, 297694, 8082, 6224, 0.1478279207085618, 0.18384474167322318, 0.16388077147866745, 0.578706814350818
1, 2014, 2014, 12, 12, 2015, 1, 1, l2, True, squared_hinge, True, 50, 1566, 296272, 9504, 6060, 0.14146341463414633, 0.2053501180173092, 0.16752246469833118, 0.5871342709808173
2, 2014, 2014, 12, 12, 2015, 1, 1, l1, True, squared_hinge, True, 50, 1767, 291085, 14691, 5859, 0.1073641997812614, 0.23170731707317074, 0.14673642252117589, 0.5918311714872421
3, 2014, 2014, 12, 12, 2015, 1, 1, elasticnet, True, squared_hinge, True, 50, 1660, 295262, 10514, 5966, 0.13635616888450797, 0.21767637031209022, 0.1676767676767677, 0.591645861363465
4, 2014, 2014, 12, 12, 2015, 1, 1, none, False, squared_hinge, True, 50, 1704, 292014, 13762, 5922, 0.11017716280874175, 0.22344610542879623, 0.147583578728564, 0.5892196515318331
5, 2014, 2014, 12, 12, 2015, 1, 1, l2, False, squared_hinge, True, 50, 1877, 295716, 10060, 5749, 0.15724218815447769, 0.24613165486493574, 0.1918928589684609, 0.6066158771420592
6, 2014, 2014, 12, 12, 2015, 1, 1, l1, False, squared_hinge, True, 50, 1903, 287994, 17782, 5723, 0.09667259334518669, 0.24954104379753475, 0.13935776793233492, 0.5956936813357409
7, 2014, 2014, 12, 12, 2015, 1, 1, elasticnet, False, squared_hinge, True, 50, 1622, 294148, 11628, 6004, 0.12241509433962264, 0.21269341725675323, 0.15539375359264226, 0.5873327899428029
