test#, penalty, fit_intercept, loss, shuffle, num_iter, true_pos, true_neg, false_pos, false_neg, precision, recall, f1-score, AUROC
0, none, True, squared_hinge, True, 50, 1299, 289863, 15913, 6327, 0.07547060190564722, 0.17033831628638868, 0.10459779370319672, 0.5591484763369048
1, l2, True, squared_hinge, True, 50, 1260, 283604, 22172, 6366, 0.05377261864117446, 0.16522423288749016, 0.08113851503638354, 0.5463568184478266
2, l1, True, squared_hinge, True, 50, 1416, 285598, 20178, 6210, 0.06557377049180328, 0.18568056648308418, 0.09691991786447639, 0.5598455419930464
3, elasticnet, True, squared_hinge, True, 50, 1145, 289730, 16046, 6481, 0.06660461869582922, 0.15014424337791765, 0.0922754563404118, 0.5488339604205793
4, none, False, squared_hinge, True, 50, 1342, 281517, 24259, 6284, 0.05241982735049412, 0.17597692105953316, 0.08077768080175761, 0.5483205336813547
5, l2, False, squared_hinge, True, 50, 1305, 286851, 18925, 6321, 0.06450815620365793, 0.17112509834775766, 0.09369615163699024, 0.5546166933840195
6, l1, False, squared_hinge, True, 50, 1300, 282044, 23732, 6326, 0.051933525087887504, 0.17046944662995017, 0.07961295854002082, 0.5464285383952954
7, elasticnet, False, squared_hinge, True, 50, 1098, 282044, 23732, 6528, 0.04422070076520338, 0.14398111723052714, 0.06766083312792705, 0.5331843736955839
