test#, penalty, fit_intercept, loss, shuffle, num_iter, true_pos, true_neg, false_pos, false_neg, precision, recall, f1-score, AUROC
0, none, True, squared_hinge, True, 50, 1551, 298956, 6820, 6075, 0.18528252299605782, 0.2033831628638867, 0.19391135837969617, 0.5905396270601155
1, l2, True, squared_hinge, True, 50, 1563, 296755, 9021, 6063, 0.14767573696145125, 0.2049567269866247, 0.17166392092257002, 0.5877273693014857
2, l1, True, squared_hinge, True, 50, 1441, 295211, 10565, 6185, 0.12002332167249709, 0.1889588250721217, 0.14680114099429506, 0.5772036943632808
3, elasticnet, True, squared_hinge, True, 50, 1605, 299000, 6776, 6021, 0.1915045937238993, 0.2104642014162077, 0.20053726494658586, 0.5941520944289975
4, none, False, squared_hinge, True, 50, 3670, 295455, 10321, 3956, 0.26231148595525694, 0.4812483608707055, 0.33954757829486054, 0.7237474471403917
5, l2, False, squared_hinge, True, 50, 3999, 295598, 10178, 3627, 0.2820766029484376, 0.524390243902439, 0.36683025271751596, 0.7455522199576033
6, l1, False, squared_hinge, True, 50, 3876, 294455, 11321, 3750, 0.2550503388826742, 0.5082612116443745, 0.3396573631862595, 0.7356186886017383
7, elasticnet, False, squared_hinge, True, 50, 4039, 293372, 12404, 3587, 0.24563644103873988, 0.529635457644899, 0.33561843034608835, 0.7445349074106972
