test#, penalty, fit_intercept, loss, shuffle, num_iter, true_pos, true_neg, false_pos, false_neg, precision, recall, f1-score, AUROC
0, none, True, squared_hinge, True, 50, 1724, 296948, 8828, 5902, 0.16338134950720243, 0.22606871230002623, 0.18967983276488065, 0.5985989524558055
1, l2, True, squared_hinge, True, 50, 1613, 298326, 7450, 6013, 0.17797638750965464, 0.21151324416469972, 0.19330097669123375, 0.5935745018374647
2, l1, True, squared_hinge, True, 50, 3741, 295621, 10155, 3885, 0.26921416234887735, 0.490558615263572, 0.3476442709785336, 0.728674014868456
3, elasticnet, True, squared_hinge, True, 50, 1442, 296930, 8846, 6184, 0.14016329704510108, 0.1890899554156832, 0.1609914033716646, 0.5800801407029753
4, none, False, squared_hinge, True, 50, 3974, 296096, 9680, 3652, 0.2910502416874176, 0.5211119853134015, 0.37349624060150377, 0.7447274122579775
5, l2, False, squared_hinge, True, 50, 4021, 295440, 10336, 3605, 0.2800724385317267, 0.527275111460792, 0.36582813992630664, 0.7467362946765528
6, l1, False, squared_hinge, True, 50, 4062, 294512, 11264, 3564, 0.26503980164426466, 0.5326514555468135, 0.35395608225862674, 0.7479070160367107
7, elasticnet, False, squared_hinge, True, 50, 3977, 294829, 10947, 3649, 0.2664835164835165, 0.521505376344086, 0.3527272727272728, 0.7428523297397266
