test#, penalty, fit_intercept, loss, shuffle, num_iter, true_pos, true_neg, false_pos, false_neg, precision, recall, f1-score, AUROC
0, none, True, squared_hinge, True, 50, 1245, 290152, 15624, 6381, 0.0738040192068291, 0.16325727773406767, 0.10165339865278628, 0.5560805252152103
1, l2, True, squared_hinge, True, 50, 868, 287573, 18203, 6758, 0.04551413140370195, 0.11382113821138211, 0.06502603288759036, 0.5271453161100341
2, l1, True, squared_hinge, True, 50, 963, 289379, 16397, 6663, 0.055472350230414746, 0.12627852084972463, 0.07708316657328104, 0.5363271495986366
3, elasticnet, True, squared_hinge, True, 50, 955, 290993, 14783, 6671, 0.060681153895031134, 0.12522947810123264, 0.08174970039376818, 0.5384418150801281
4, none, False, squared_hinge, True, 50, 1458, 276535, 29241, 6168, 0.047493403693931395, 0.1911880409126672, 0.07608610567514677, 0.5477796072911408
5, l2, False, squared_hinge, True, 50, 1196, 285710, 20066, 6430, 0.05625058790330167, 0.15683189089955415, 0.08280254777070063, 0.5456043448009361
6, l1, False, squared_hinge, True, 50, 1253, 282631, 23145, 6373, 0.05135666857939175, 0.16430632048255966, 0.07825380964276793, 0.5443068282858614
7, elasticnet, False, squared_hinge, True, 50, 1223, 283165, 22611, 6403, 0.051313249979021563, 0.16037241017571466, 0.07774952320406865, 0.5432130613486496
