,test#, training_year_first, training_year_last, training_month_first, training_month_last, testing_year, testing_month_first, testing_month_last,num_features, penalty, fit_intercept, loss, shuffle, num_iter, true_pos, true_neg, false_pos, false_neg, precision, recall, f1-score, AUROC
0,0,2014,2014,12,12,2015,1,1,27, none, True, squared_hinge, True,50,1320,292066,13710,6306,0.08782435129740519,0.17309205350118018,0.11652542372881355,0.5641276551321505
1,1,2014,2014,12,12,2015,1,1,27, l2, True, squared_hinge, True,50,1211,289932,15844,6415,0.07100557021401349,0.15879884605297667,0.0981321664438232,0.5534915689110574
2,2,2014,2014,12,12,2015,1,1,27, l1, True, squared_hinge, True,50,1230,290451,15325,6396,0.07429779522802779,0.16129032258064516,0.10173276539431783,0.5555859676322199
3,3,2014,2014,12,12,2015,1,1,27, elasticnet, True, squared_hinge, True,50,1080,294034,11742,6546,0.08423022929340196,0.14162077104642015,0.1056338028169014,0.5516100558701307
4,4,2014,2014,12,12,2015,1,1,27, none, False, squared_hinge, True,50,1371,285318,20458,6255,0.06280635851390352,0.17977970102281668,0.093091156000679,0.5564372577637761
5,5,2014,2014,12,12,2015,1,1,27, l2, False, squared_hinge, True,50,1726,280449,25327,5900,0.06380068753927476,0.2263309729871492,0.09954150927074022,0.5717511832127415
6,6,2014,2014,12,12,2015,1,1,27, l1, False, squared_hinge, True,50,1354,286629,19147,6272,0.06604555875323155,0.17755048518227118,0.09627759803747288,0.5574663759698181
7,7,2014,2014,12,12,2015,1,1,27, elasticnet, False, squared_hinge, True,50,1409,287141,18635,6217,0.07029535022949511,0.18476265407815368,0.10184315142753884,0.561909674587609
