test#, training_year_first, training_year_last, training_month_first, training_month_last, testing_year, testing_month_first, testing_month_last, num_features, penalty, fit_intercept, loss, shuffle, num_iter, true_pos, true_neg, false_pos, false_neg, precision, recall, f1-score, AUROC
0, 1993, 2014, 1, 12, 2015, 1, 1, 29, none, True, squared_hinge, True, 50, 1777, 296487, 9289, 5849, 0.16058196276884149, 0.23301862050878575, 0.19013481703402524, 0.6013200867705353
1, 1993, 2014, 1, 12, 2015, 1, 1, 29, l2, True, squared_hinge, True, 50, 1722, 295542, 10234, 5904, 0.14402810304449648, 0.22580645161290322, 0.17587580431008068, 0.5961687535130081
2, 1993, 2014, 1, 12, 2015, 1, 1, 29, l1, True, squared_hinge, True, 50, 1876, 293388, 12388, 5750, 0.1315199102636007, 0.24600052452137425, 0.1714024668798538, 0.6027436037917426
3, 1993, 2014, 1, 12, 2015, 1, 1, 29, elasticnet, True, squared_hinge, True, 50, 1811, 294069, 11707, 5815, 0.13396952211865662, 0.23747705218987675, 0.17130155126749907, 0.599595427879251
4, 1993, 2014, 1, 12, 2015, 1, 1, 29, none, False, squared_hinge, True, 50, 1874, 295143, 10633, 5752, 0.14983609178859839, 0.24573826383425124, 0.18616202255004222, 0.6054822212374124
5, 1993, 2014, 1, 12, 2015, 1, 1, 29, l2, False, squared_hinge, True, 50, 4225, 293130, 12646, 3401, 0.25042973149190917, 0.5540257015473381, 0.3449401967587868, 0.7563343148519486
6, 1993, 2014, 1, 12, 2015, 1, 1, 29, l1, False, squared_hinge, True, 50, 2144, 290379, 15397, 5482, 0.1222279231514737, 0.28114345659585627, 0.17038184924702984, 0.6153948013971904
7, 1993, 2014, 1, 12, 2015, 1, 1, 29, elasticnet, False, squared_hinge, True, 50, 4299, 291928, 13848, 3327, 0.23689866093569184, 0.5637293469708891, 0.3336049353975091, 0.7592206464852875
