test#, training_year_first, training_year_last, training_month_first, training_month_last, testing_year, testing_month_first, testing_month_last, num_features, penalty, fit_intercept, loss, shuffle, num_iter, true_pos, true_neg, false_pos, false_neg, precision, recall, f1-score, AUROC
0, 1993, 2014, 1, 12, 2015, 1, 1, 29, none, True, squared_hinge, True, 50, 1817, 293833, 11943, 5809, 0.13204941860465116, 0.23826383425124573, 0.1699242495090246, 0.5996029155035204
1, 1993, 2014, 1, 12, 2015, 1, 1, 29, l2, True, squared_hinge, True, 50, 1822, 293579, 12197, 5804, 0.12996647407090378, 0.23891948596905324, 0.16835296835296837, 0.5995154046453502
2, 1993, 2014, 1, 12, 2015, 1, 1, 29, l1, True, squared_hinge, True, 50, 1541, 294272, 11504, 6085, 0.1181295515523189, 0.2020718594282717, 0.1490977698224566, 0.5822247738353227
3, 1993, 2014, 1, 12, 2015, 1, 1, 29, elasticnet, True, squared_hinge, True, 50, 2004, 294770, 11006, 5622, 0.15403535741737126, 0.26278520849724624, 0.19422368676100019, 0.6133957699647029
4, 1993, 2014, 1, 12, 2015, 1, 1, 29, none, False, squared_hinge, True, 50, 2222, 286258, 19518, 5404, 0.10220791168353266, 0.2913716233936533, 0.15133147177007422, 0.6137702918391531
5, 1993, 2014, 1, 12, 2015, 1, 1, 29, l2, False, squared_hinge, True, 50, 1951, 292810, 12966, 5675, 0.1307903733994771, 0.2558353002884868, 0.17309142527613897, 0.6067158553663669
6, 1993, 2014, 1, 12, 2015, 1, 1, 29, l1, False, squared_hinge, True, 50, 2128, 289095, 16681, 5498, 0.11313732787495348, 0.2790453710988723, 0.1609986759977303, 0.6122461824883717
7, 1993, 2014, 1, 12, 2015, 1, 1, 29, elasticnet, False, squared_hinge, True, 50, 4104, 292096, 13680, 3522, 0.23076923076923078, 0.5381589299763966, 0.32302243211334125, 0.7467101488875233
