test#, training_year_first, training_year_last, training_month_first, training_month_last, testing_year, testing_month_first, testing_month_last, penalty, fit_intercept, loss, shuffle, num_iter, true_pos, true_neg, false_pos, false_neg, precision, recall, f1-score, AUROC
0, 2013, 2014, 1, 12, 2015, 1, 1, none, True, squared_hinge, True, 50, 1558, 296889, 8887, 6068, 0.14916227860220202, 0.20430107526881722, 0.1724309667422943, 0.5876186580885974
1, 2013, 2014, 1, 12, 2015, 1, 1, l2, True, squared_hinge, True, 50, 1726, 297338, 8438, 5900, 0.1698150334513971, 0.22633097298714921, 0.19404159640247332, 0.5993678045303074
2, 2013, 2014, 1, 12, 2015, 1, 1, l1, True, squared_hinge, True, 50, 1694, 298503, 7273, 5932, 0.18891491022638562, 0.22213480199318122, 0.20418248659073102, 0.5991747083065169
3, 2013, 2014, 1, 12, 2015, 1, 1, elasticnet, True, squared_hinge, True, 50, 1752, 297457, 8319, 5874, 0.17396484956806674, 0.22974036191974823, 0.19799966095948465, 0.6012670858837399
4, 2013, 2014, 1, 12, 2015, 1, 1, none, False, squared_hinge, True, 50, 2053, 294204, 11572, 5573, 0.15067889908256882, 0.2692105953317598, 0.1932144369676721, 0.6156829492801335
5, 2013, 2014, 1, 12, 2015, 1, 1, l2, False, squared_hinge, True, 50, 1930, 296006, 9770, 5696, 0.16495726495726495, 0.2530815630736952, 0.19973093242264306, 0.6105650345848304
6, 2013, 2014, 1, 12, 2015, 1, 1, l1, False, squared_hinge, True, 50, 1912, 294699, 11077, 5714, 0.1472014781738394, 0.25072121688958826, 0.1854959980596653, 0.6072476761021642
7, 2013, 2014, 1, 12, 2015, 1, 1, elasticnet, False, squared_hinge, True, 50, 2138, 292767, 13009, 5488, 0.14115006271869018, 0.28035667453448726, 0.18776621437667415, 0.618906229580571
