test#, training_year_first, training_year_last, training_month_first, training_month_last, testing_year, testing_month_first, testing_month_last, penalty, fit_intercept, loss, shuffle, num_iter, true_pos, true_neg, false_pos, false_neg, precision, recall, f1-score, AUROC
0,2014,2014,1,12,2015,1,1, none, True, squared_hinge, True,50,3514,299634,6142,4112,0.363918807,0.460792027,0.406665895,0.720352714
1,2014,2014,1,12,2015,1,1, l2, True, squared_hinge, True,50,1420,298088,7688,6206,0.155906895,0.186205088,0.169714354,0.58053125
2,2014,2014,1,12,2015,1,1, l1, True, squared_hinge, True,50,1590,298560,7216,6036,0.18055871,0.208497246,0.19352483,0.592449136
3,2014,2014,1,12,2015,1,1, elasticnet, True, squared_hinge, True,50,1389,299290,6486,6237,0.176380952,0.182140047,0.179214244,0.580464221
4,2014,2014,1,12,2015,1,1, none, False, squared_hinge, True,50,4064,291764,14012,3562,0.224828502,0.532913716,0.316239981,0.743544661
5,2014,2014,1,12,2015,1,1, l2, False, squared_hinge, True,50,4171,294915,10861,3455,0.277474721,0.546944663,0.368170183,0.755712599
6,2014,2014,1,12,2015,1,1, l1, False, squared_hinge, True,50,3646,293063,12713,3980,0.222874259,0.478101233,0.304023348,0.718262523
7,2014,2014,1,12,2015,1,1, elasticnet, False, squared_hinge, True,50,4176,294311,11465,3450,0.266990602,0.547600315,0.358963339,0.755052774
