test#, penalty, fit_intercept, loss, shuffle, num_iter, true_pos, true_neg, false_pos, false_neg, precision, recall, f1-score, AUROC
0, none, True, squared_hinge, True, 50, 3514, 299634, 6142, 4112, 0.3639188069594035, 0.4607920272751115, 0.4066658951510242, 0.7203527139672089
1, l2, True, squared_hinge, True, 50, 1420, 298088, 7688, 6206, 0.15590689503732982, 0.1862050878573302, 0.1697143540098004, 0.5805312499095139
2, l1, True, squared_hinge, True, 50, 1590, 298560, 7216, 6036, 0.18055870997047468, 0.2084972462627852, 0.19352482960077896, 0.5924491359250716
3, elasticnet, True, squared_hinge, True, 50, 1389, 299290, 6486, 6237, 0.1763809523809524, 0.18214004720692367, 0.17921424424230695, 0.580464220662747
4, none, False, squared_hinge, True, 50, 4064, 291764, 14012, 3562, 0.2248285018809471, 0.5329137162339366, 0.3162399813244106, 0.7435446609530313
5, l2, False, squared_hinge, True, 50, 4171, 294915, 10861, 3455, 0.2774747205960617, 0.5469446629950171, 0.36817018271692115, 0.755712598882784
6, l1, False, squared_hinge, True, 50, 3646, 293063, 12713, 3980, 0.22287425881777614, 0.47810123262522947, 0.30402334792578695, 0.7182625230678865
7, elasticnet, False, squared_hinge, True, 50, 4176, 294311, 11465, 3450, 0.26699060162393706, 0.5476003147128246, 0.358963338634117, 0.755052773650693
