test#, training_year_first, training_year_last, training_month_first, training_month_last, testing_year, testing_month_first, testing_month_last, num_features, penalty, fit_intercept, loss, shuffle, num_iter, true_pos, true_neg, false_pos, false_neg, precision, recall, f1-score, AUROC
0, 1993, 2014, 1, 12, 2015, 1, 1, 31, none, True, squared_hinge, True, 50, 1420, 284819, 20957, 6206, 0.06345801492604013, 0.1862050878573302, 0.094657200946572, 0.5588339944022144
1, 1993, 2014, 1, 12, 2015, 1, 1, 31, l2, True, squared_hinge, True, 50, 1879, 261349, 44427, 5747, 0.04057789487323457, 0.24639391555205875, 0.06968033820366387, 0.5505506415183767
2, 1993, 2014, 1, 12, 2015, 1, 1, 31, l1, True, squared_hinge, True, 50, 2172, 257245, 48531, 5454, 0.04283770191112952, 0.28481510621557826, 0.0744741037905673, 0.5630504420199339
3, 1993, 2014, 1, 12, 2015, 1, 1, 31, elasticnet, True, squared_hinge, True, 50, 1882, 262112, 43664, 5744, 0.0413208624248013, 0.24678730658274325, 0.07078913713984804, 0.5519949823688663
4, 1993, 2014, 1, 12, 2015, 1, 1, 31, none, False, squared_hinge, True, 50, 1919, 258936, 46840, 5707, 0.03935683668656043, 0.25163912929451876, 0.06806774851467588, 0.5492275495774044
5, 1993, 2014, 1, 12, 2015, 1, 1, 31, l2, False, squared_hinge, True, 50, 2640, 257547, 48229, 4986, 0.0518980125420197, 0.34618410700236035, 0.09026412513890077, 0.5942287679588224
6, 1993, 2014, 1, 12, 2015, 1, 1, 31, l1, False, squared_hinge, True, 50, 1842, 241788, 63988, 5784, 0.027981163603220418, 0.24154209284028325, 0.05015247222827271, 0.5161388973960194
7, 1993, 2014, 1, 12, 2015, 1, 1, 31, elasticnet, False, squared_hinge, True, 50, 2291, 265590, 40186, 5335, 0.05393507074416743, 0.3004196170993968, 0.09145160968405085, 0.58449830732004
