test#,filter_repeat, training_year_first, training_year_last, training_month_first, training_month_last, testing_year, testing_month_first, testing_month_last, features, penalty, fit_intercept, loss, shuffle, num_iter, true_pos, true_neg, false_pos, false_neg, precision, recall, f1-score, AUROC
0,False,2011,2011,12,12,2012,1,1, CUPLS, none, True, squared_hinge, True,50,1329,5015130,22741,1571,0.05521395928541753,0.4582758620689655,0.0985539488320356,0.7268809260416992
1,False,2011,2011,12,12,2012,1,1, CUPLS, l2, True, squared_hinge, True,50,1322,5014357,23514,1578,0.05322918344338863,0.4558620689655172,0.09532737236804154,0.7255973105743854
2,False,2011,2011,12,12,2012,1,1, CUPLS, l1, True, squared_hinge, True,50,1234,5015013,22858,1666,0.05122032209862195,0.4255172413793104,0.09143449911084768,0.7104900036488457
3,False,2011,2011,12,12,2012,1,1, CUPLS, elasticnet, True, squared_hinge, True,50,1336,5014060,23811,1564,0.05312760965522726,0.4606896551724138,0.09526865618426214,0.7279816269405374
4,False,2011,2011,12,12,2012,1,1, CUPLS, none, False, squared_hinge, True,50,1160,5026653,11218,1740,0.09371465503312328,0.4,0.1518523366932845,0.6988866328653512
5,False,2011,2011,12,12,2012,1,1, CUPLS, l2, False, squared_hinge, True,50,19,5037869,2,2881,0.9047619047619048,0.006551724137931035,0.013009243409791166,0.5032756635724179
6,False,2011,2011,12,12,2012,1,1, CUPLS, l1, False, squared_hinge, True,50,0,5037869,2,2900,0.0,0.0,0.0,0.4999998015034525
7,False,2011,2011,12,12,2012,1,1, CUPLS, elasticnet, False, squared_hinge, True,50,1072,5034610,3261,1828,0.2474036464343411,0.3696551724137931,0.2964191898244159,0.6845039375862788
