test#, penalty, fit_intercept, loss, shuffle, num_iter, true_pos, true_neg, false_pos, false_neg, precision, recall, f1-score, AUROC
0, none, True, squared_hinge, True, 50, 1471, 297518, 8258, 6155, 0.15119745091993012, 0.1928927353789667, 0.16951887064246615, 0.5829430188328039
1, l2, True, squared_hinge, True, 50, 3697, 299353, 6423, 3929, 0.36531620553359684, 0.484788880146866, 0.4166572748788459, 0.731891653720024
2, l1, True, squared_hinge, True, 50, 3564, 294864, 10912, 4062, 0.24620060790273557, 0.46734854445318647, 0.322504750701294, 0.7158311452316688
3, elasticnet, True, squared_hinge, True, 50, 1675, 298047, 7729, 5951, 0.17811569544874523, 0.2196433254655127, 0.1967116852613036, 0.5971833261726601
4, none, False, squared_hinge, True, 50, 4148, 294411, 11365, 3478, 0.26738864178430993, 0.5439286650931026, 0.35852889061757204, 0.7533804672333809
5, l2, False, squared_hinge, True, 50, 4102, 295257, 10519, 3524, 0.28055536557007044, 0.5378966692892735, 0.3687688227626197, 0.7517478349324291
6, l1, False, squared_hinge, True, 50, 4149, 293693, 12083, 3477, 0.25560620995564315, 0.544059795436664, 0.34780786319054396, 0.7522719703466612
7, elasticnet, False, squared_hinge, True, 50, 3772, 292974, 12802, 3854, 0.2275853746832388, 0.4946236559139785, 0.3117355371900826, 0.7263782033428927
