test#, training_year_first, training_year_last, training_month_first, training_month_last, testing_year, testing_month_first, testing_month_last, penalty, fit_intercept, loss, shuffle, num_iter, true_pos, true_neg, false_pos, false_neg, precision, recall, f1-score, AUROC
0,2014,2014,1,12,2015,1,1, none, True, squared_hinge, True,50,1245,290152,15624,6381,0.073804019,0.163257278,0.101653399,0.556080525
1,2014,2014,1,12,2015,1,1, l2, True, squared_hinge, True,50,868,287573,18203,6758,0.045514131,0.113821138,0.065026033,0.527145316
2,2014,2014,1,12,2015,1,1, l1, True, squared_hinge, True,50,963,289379,16397,6663,0.05547235,0.126278521,0.077083167,0.53632715
3,2014,2014,1,12,2015,1,1, elasticnet, True, squared_hinge, True,50,955,290993,14783,6671,0.060681154,0.125229478,0.0817497,0.538441815
4,2014,2014,1,12,2015,1,1, none, False, squared_hinge, True,50,1458,276535,29241,6168,0.047493404,0.191188041,0.076086106,0.547779607
5,2014,2014,1,12,2015,1,1, l2, False, squared_hinge, True,50,1196,285710,20066,6430,0.056250588,0.156831891,0.082802548,0.545604345
6,2014,2014,1,12,2015,1,1, l1, False, squared_hinge, True,50,1253,282631,23145,6373,0.051356669,0.16430632,0.07825381,0.544306828
7,2014,2014,1,12,2015,1,1, elasticnet, False, squared_hinge, True,50,1223,283165,22611,6403,0.05131325,0.16037241,0.077749523,0.543213061
