test#, training_year_first, training_year_last, training_month_first, training_month_last, testing_year, testing_month_first, testing_month_last, penalty, fit_intercept, loss, shuffle, num_iter, true_pos, true_neg, false_pos, false_neg, precision, recall, f1-score, AUROC
0,2014,2014,1,12,2015,1,1, none, True, squared_hinge, True,50,1551,298956,6820,6075,0.185282523,0.203383163,0.193911358,0.590539627
1,2014,2014,1,12,2015,1,1, l2, True, squared_hinge, True,50,1563,296755,9021,6063,0.147675737,0.204956727,0.171663921,0.587727369
2,2014,2014,1,12,2015,1,1, l1, True, squared_hinge, True,50,1441,295211,10565,6185,0.120023322,0.188958825,0.146801141,0.577203694
3,2014,2014,1,12,2015,1,1, elasticnet, True, squared_hinge, True,50,1605,299000,6776,6021,0.191504594,0.210464201,0.200537265,0.594152094
4,2014,2014,1,12,2015,1,1, none, False, squared_hinge, True,50,3670,295455,10321,3956,0.262311486,0.481248361,0.339547578,0.723747447
5,2014,2014,1,12,2015,1,1, l2, False, squared_hinge, True,50,3999,295598,10178,3627,0.282076603,0.524390244,0.366830253,0.74555222
6,2014,2014,1,12,2015,1,1, l1, False, squared_hinge, True,50,3876,294455,11321,3750,0.255050339,0.508261212,0.339657363,0.735618689
7,2014,2014,1,12,2015,1,1, elasticnet, False, squared_hinge, True,50,4039,293372,12404,3587,0.245636441,0.529635458,0.33561843,0.744534907
