test#, penalty, fit_intercept, loss, shuffle, num_iter, true_pos, true_neg, false_pos, false_neg, precision, recall, f1-score, AUROC
0, none, True, squared_hinge, True, 50, 1150, 290865, 14911, 6476, 0.0716020173090094, 0.15079989509572514, 0.09709967492717524, 0.551017720034912
1, l2, True, squared_hinge, True, 50, 996, 293140, 12636, 6630, 0.07306338028169014, 0.13060582218725414, 0.09370589895568729, 0.5446407270111614
2, l1, True, squared_hinge, True, 50, 1440, 283109, 22667, 6186, 0.05973368731073962, 0.1888276947285602, 0.09075725585352788, 0.557349133325245
3, elasticnet, True, squared_hinge, True, 50, 1126, 290684, 15092, 6500, 0.0694290294734246, 0.14765276685024914, 0.09444724039590673, 0.5491481876216606
4, none, False, squared_hinge, True, 50, 1191, 288655, 17121, 6435, 0.06503931847968546, 0.15617623918174667, 0.09183437427712238, 0.5500921356025943
5, l2, False, squared_hinge, True, 50, 1333, 287668, 18108, 6293, 0.06856643176791317, 0.17479674796747968, 0.09849632393689735, 0.5577884634610042
6, l1, False, squared_hinge, True, 50, 1363, 284825, 20951, 6263, 0.061082728331988884, 0.1787306582743247, 0.09104876419505678, 0.5551065907142645
7, elasticnet, False, squared_hinge, True, 50, 1232, 285957, 19819, 6394, 0.05852453565151299, 0.16155258326776817, 0.08592251630226314, 0.5483685814146386
