test#, training_year_first, training_year_last, training_month_first, training_month_last, testing_year, testing_month_first, testing_month_last, num_features, penalty, fit_intercept, loss, shuffle, num_iter, true_pos, true_neg, false_pos, false_neg, precision, recall, f1-score, AUROC
0, 2013, 2014, 1, 12, 2015, 1, 1, 31, none, True, squared_hinge, True, 50, 1553, 268496, 37280, 6073, 0.03999175958591919, 0.2036454235510097, 0.06685464603198518, 0.5408630550333146
1, 2013, 2014, 1, 12, 2015, 1, 1, 31, l2, True, squared_hinge, True, 50, 1056, 267647, 38129, 6570, 0.026949087661094807, 0.13847364280094415, 0.04511760056397001, 0.5068888935055424
2, 2013, 2014, 1, 12, 2015, 1, 1, 31, l1, True, squared_hinge, True, 50, 1035, 288149, 17627, 6591, 0.05546029364483978, 0.13571990558615263, 0.07874315276932439, 0.5390365657385005
3, 2013, 2014, 1, 12, 2015, 1, 1, 31, elasticnet, True, squared_hinge, True, 50, 1100, 267692, 38084, 6526, 0.028072682727643936, 0.14424337791765016, 0.04699850459303568, 0.5098473443405424
4, 2013, 2014, 1, 12, 2015, 1, 1, 31, none, False, squared_hinge, True, 50, 2203, 267107, 38669, 5423, 0.05389998042669798, 0.2888801468659848, 0.09084910717967752, 0.5812091462182992
5, 2013, 2014, 1, 12, 2015, 1, 1, 31, l2, False, squared_hinge, True, 50, 2241, 258018, 47758, 5385, 0.04482089641792836, 0.2938630999213218, 0.07777874186550976, 0.568838436047208
6, 2013, 2014, 1, 12, 2015, 1, 1, 31, l1, False, squared_hinge, True, 50, 1712, 287267, 18509, 5914, 0.08466445774195144, 0.22449514817728822, 0.12295758968650125, 0.5819819548117879
7, 2013, 2014, 1, 12, 2015, 1, 1, 31, elasticnet, False, squared_hinge, True, 50, 1573, 267130, 38646, 6053, 0.039110867997712524, 0.2062680304222397, 0.06575399728289268, 0.539940697226713
