test#, training_year_first, training_year_last, training_month_first, training_month_last, testing_year, testing_month_first, testing_month_last, num_features, penalty, fit_intercept, loss, shuffle, num_iter, true_pos, true_neg, false_pos, false_neg, precision, recall, f1-score, AUROC
0, 2004, 2005, 1, 12, 2006, 1, 1, 32, none, True, squared_hinge, True, 50, 370, 422262, 2183, 375, 0.14492753623188406, 0.4966442953020134, 0.22437841115827775, 0.745750554158328
1, 2004, 2005, 1, 12, 2006, 1, 1, 32, l2, True, squared_hinge, True, 50, 231, 421414, 3031, 514, 0.07081545064377683, 0.3100671140939597, 0.11529822810082356, 0.6514630119822483
2, 2004, 2005, 1, 12, 2006, 1, 1, 32, l1, True, squared_hinge, True, 50, 253, 421352, 3093, 492, 0.07561267184698146, 0.3395973154362416, 0.12368614030799314, 0.6661550760997721
3, 2004, 2005, 1, 12, 2006, 1, 1, 32, elasticnet, True, squared_hinge, True, 50, 600, 422893, 1552, 145, 0.2788104089219331, 0.8053691275167785, 0.41422160856057993, 0.9008562939001037
4, 2004, 2005, 1, 12, 2006, 1, 1, 32, none, False, squared_hinge, True, 50, 540, 420417, 4028, 205, 0.11821366024518389, 0.7248322147651006, 0.20327498588368154, 0.8576710874152988
5, 2004, 2005, 1, 12, 2006, 1, 1, 32, l2, False, squared_hinge, True, 50, 522, 422215, 2230, 223, 0.18968023255813954, 0.7006711409395974, 0.298541607091793, 0.8477086105574425
6, 2004, 2005, 1, 12, 2006, 1, 1, 32, l1, False, squared_hinge, True, 50, 530, 419760, 4685, 215, 0.10162991371045062, 0.7114093959731543, 0.17785234899328856, 0.8501857261527708
7, 2004, 2005, 1, 12, 2006, 1, 1, 32, elasticnet, False, squared_hinge, True, 50, 303, 424430, 15, 442, 0.9528301886792453, 0.40671140939597317, 0.5700846660395108, 0.703338034564047
