test#, training_year_first, training_year_last, training_month_first, training_month_last, testing_year, testing_month_first, testing_month_last, num_features, penalty, fit_intercept, loss, shuffle, num_iter, true_pos, true_neg, false_pos, false_neg, precision, recall, f1-score, AUROC
0, 2005, 2005, 1, 12, 2006, 1, 1, 32, none, True, squared_hinge, True, 50, 225, 419646, 4799, 520, 0.044785031847133755, 0.30201342281879195, 0.07800312012480498, 0.6453534465576485
1, 2005, 2005, 1, 12, 2006, 1, 1, 32, l2, True, squared_hinge, True, 50, 198, 421725, 2720, 547, 0.067854694996573, 0.2657718120805369, 0.10810810810810813, 0.6296817217525515
2, 2005, 2005, 1, 12, 2006, 1, 1, 32, l1, True, squared_hinge, True, 50, 233, 420649, 3796, 512, 0.0578307272275999, 0.312751677852349, 0.09761206535400084, 0.6519041170305224
3, 2005, 2005, 1, 12, 2006, 1, 1, 32, elasticnet, True, squared_hinge, True, 50, 223, 421493, 2952, 522, 0.07023622047244095, 0.2993288590604027, 0.11377551020408164, 0.6461869471708851
4, 2005, 2005, 1, 12, 2006, 1, 1, 32, none, False, squared_hinge, True, 50, 194, 423505, 940, 551, 0.1710758377425044, 0.26040268456375837, 0.20649281532730174, 0.6290940138883301
5, 2005, 2005, 1, 12, 2006, 1, 1, 32, l2, False, squared_hinge, True, 50, 283, 424431, 14, 462, 0.9528619528619529, 0.37986577181208053, 0.5431861804222649, 0.68991639378103
6, 2005, 2005, 1, 12, 2006, 1, 1, 32, l1, False, squared_hinge, True, 50, 258, 418621, 5824, 487, 0.042420256494574156, 0.34630872483221475, 0.07558224696059763, 0.6662936384118194
7, 2005, 2005, 1, 12, 2006, 1, 1, 32, elasticnet, False, squared_hinge, True, 50, 198, 423665, 780, 547, 0.20245398773006135, 0.2657718120805369, 0.22983168891468367, 0.6319670590754085
