test#, training_year_first, training_year_last, training_month_first, training_month_last, testing_year, testing_month_first, testing_month_last, num_features, penalty, fit_intercept, loss, shuffle, num_iter, true_pos, true_neg, false_pos, false_neg, precision, recall, f1-score, AUROC
0, 2004, 2005, 1, 12, 2006, 1, 1, 36, none, True, squared_hinge, True, 50, 195, 419485, 4960, 550, 0.037827352085354024, 0.26174496644295303, 0.06610169491525424, 0.6250295589321103
1, 2004, 2005, 1, 12, 2006, 1, 1, 36, l2, True, squared_hinge, True, 50, 560, 421875, 2570, 185, 0.17891373801916932, 0.7516778523489933, 0.28903225806451616, 0.872811443226176
2, 2004, 2005, 1, 12, 2006, 1, 1, 36, l1, True, squared_hinge, True, 50, 238, 420731, 3714, 507, 0.06022267206477733, 0.3194630872483222, 0.10134128166915052, 0.6553564184607124
3, 2004, 2005, 1, 12, 2006, 1, 1, 36, elasticnet, True, squared_hinge, True, 50, 249, 422050, 2395, 496, 0.09417549167927383, 0.33422818791946307, 0.14694600177043377, 0.6642927625740396
4, 2004, 2005, 1, 12, 2006, 1, 1, 36, none, False, squared_hinge, True, 50, 252, 418863, 5582, 493, 0.04319506342132328, 0.338255033557047, 0.07660738714090289, 0.662551870935128
5, 2004, 2005, 1, 12, 2006, 1, 1, 36, l2, False, squared_hinge, True, 50, 276, 424431, 14, 469, 0.9517241379310345, 0.3704697986577181, 0.5333333333333333, 0.6852184072038487
6, 2004, 2005, 1, 12, 2006, 1, 1, 36, l1, False, squared_hinge, True, 50, 244, 419735, 4710, 501, 0.04925312878482035, 0.3275167785234899, 0.08562905772942622, 0.6582099672047057
7, 2004, 2005, 1, 12, 2006, 1, 1, 36, elasticnet, False, squared_hinge, True, 50, 278, 424431, 14, 467, 0.952054794520548, 0.3731543624161074, 0.536162005785921, 0.6865606890830434
