test#, training_year_first, training_year_last, training_month_first, training_month_last, testing_year, testing_month_first, testing_month_last, num_features, penalty, fit_intercept, loss, shuffle, num_iter, true_pos, true_neg, false_pos, false_neg, precision, recall, f1-score, AUROC
0, 2005, 2005, 12, 12, 2006, 1, 1, 36, none, True, squared_hinge, True, 50, 26, 421493, 2952, 719, 0.008730691739422432, 0.0348993288590604, 0.013967230727907601, 0.513972182070214
1, 2005, 2005, 12, 12, 2006, 1, 1, 36, l2, True, squared_hinge, True, 50, 22, 421560, 2885, 723, 0.007567939456484348, 0.02953020134228188, 0.012048192771084336, 0.5113665449100883
2, 2005, 2005, 12, 12, 2006, 1, 1, 36, l1, True, squared_hinge, True, 50, 304, 423185, 1260, 441, 0.19437340153452684, 0.4080536912751678, 0.2633174534430489, 0.7025425543866562
3, 2005, 2005, 12, 12, 2006, 1, 1, 36, elasticnet, True, squared_hinge, True, 50, 341, 422269, 2176, 404, 0.1354787445371474, 0.4577181208053691, 0.20907418761496013, 0.726295712972511
4, 2005, 2005, 12, 12, 2006, 1, 1, 36, none, False, squared_hinge, True, 50, 16, 420770, 3675, 729, 0.004334868599295584, 0.021476510067114093, 0.007213706041478809, 0.5064090722183513
5, 2005, 2005, 12, 12, 2006, 1, 1, 36, l2, False, squared_hinge, True, 50, 316, 421200, 3245, 429, 0.08873911822521764, 0.42416107382550333, 0.14677194612169064, 0.7082578979371482
6, 2005, 2005, 12, 12, 2006, 1, 1, 36, l1, False, squared_hinge, True, 50, 368, 422187, 2258, 377, 0.14013709063214014, 0.49395973154362416, 0.21833283892020172, 0.7443199216094354
7, 2005, 2005, 12, 12, 2006, 1, 1, 36, elasticnet, False, squared_hinge, True, 50, 95, 422374, 2071, 650, 0.043859649122807015, 0.12751677852348994, 0.06526966678117485, 0.5613187327691488
