test#, training_year_first, training_year_last, training_month_first, training_month_last, testing_year, testing_month_first, testing_month_last, num_features, penalty, fit_intercept, loss, shuffle, num_iter, true_pos, true_neg, false_pos, false_neg, precision, recall, f1-score, AUROC
0, 2005, 2005, 12, 12, 2006, 1, 1, 32, none, True, squared_hinge, True, 50, 25, 421933, 2512, 720, 0.009854158454867954, 0.03355704697986577, 0.015234613040828762, 0.5138193650595121
1, 2005, 2005, 12, 12, 2006, 1, 1, 32, l2, True, squared_hinge, True, 50, 259, 422177, 2268, 486, 0.10249307479224377, 0.3476510067114094, 0.15831295843520782, 0.6711537791040348
2, 2005, 2005, 12, 12, 2006, 1, 1, 32, l1, True, squared_hinge, True, 50, 400, 422910, 1535, 345, 0.20671834625322996, 0.5369127516778524, 0.29850746268656714, 0.7666481321324389
3, 2005, 2005, 12, 12, 2006, 1, 1, 32, elasticnet, True, squared_hinge, True, 50, 318, 421788, 2657, 427, 0.10689075630252101, 0.4268456375838926, 0.17096774193548386, 0.7102928490667758
4, 2005, 2005, 12, 12, 2006, 1, 1, 32, none, False, squared_hinge, True, 50, 21, 401986, 22459, 724, 0.0009341637010676156, 0.028187919463087248, 0.0018083961248654469, 0.4876370571882223
5, 2005, 2005, 12, 12, 2006, 1, 1, 32, l2, False, squared_hinge, True, 50, 0, 424421, 24, 745, 0.0, 0.0, 0.0, 0.4999717277856966
6, 2005, 2005, 12, 12, 2006, 1, 1, 32, l1, False, squared_hinge, True, 50, 362, 422948, 1497, 383, 0.1947283485745024, 0.48590604026845635, 0.2780337941628264, 0.7411895407670546
7, 2005, 2005, 12, 12, 2006, 1, 1, 32, elasticnet, False, squared_hinge, True, 50, 20, 419928, 4517, 725, 0.004408199250606128, 0.026845637583892617, 0.007572889057175313, 0.5081017524582635
