test#, training_year_first, training_year_last, training_month_first, training_month_last, testing_year, testing_month_first, testing_month_last, num_features, penalty, fit_intercept, loss, shuffle, num_iter, true_pos, true_neg, false_pos, false_neg, precision, recall, f1-score, AUROC
0, 2004, 2005, 1, 12, 2006, 1, 1, 32, none, True, squared_hinge, True, 50, 583, 421899, 2546, 162, 0.18632150846915949, 0.7825503355704698, 0.30098089829633456, 0.8882759570512175
1, 2004, 2005, 1, 12, 2006, 1, 1, 32, l2, True, squared_hinge, True, 50, 587, 422883, 1562, 158, 0.2731503024662634, 0.7879194630872484, 0.40566689702833447, 0.8921196815960456
2, 2004, 2005, 1, 12, 2006, 1, 1, 32, l1, True, squared_hinge, True, 50, 240, 419721, 4724, 505, 0.048348106365834004, 0.3221476510067114, 0.08407777193904362, 0.6555089113213062
3, 2004, 2005, 1, 12, 2006, 1, 1, 32, elasticnet, True, squared_hinge, True, 50, 234, 420753, 3692, 511, 0.059602649006622516, 0.31409395973154364, 0.10019267822736032, 0.6526977708987679
4, 2004, 2005, 1, 12, 2006, 1, 1, 32, none, False, squared_hinge, True, 50, 243, 419263, 5182, 502, 0.0447926267281106, 0.3261744966442953, 0.0787682333873582, 0.6569828060504753
5, 2004, 2005, 1, 12, 2006, 1, 1, 32, l2, False, squared_hinge, True, 50, 277, 424431, 14, 468, 0.9518900343642611, 0.3718120805369127, 0.5347490347490347, 0.685889548143446
6, 2004, 2005, 1, 12, 2006, 1, 1, 32, l1, False, squared_hinge, True, 50, 229, 419446, 4999, 516, 0.04380260137719969, 0.3073825503355705, 0.07667838607065125, 0.6478024085301761
7, 2004, 2005, 1, 12, 2006, 1, 1, 32, elasticnet, False, squared_hinge, True, 50, 6, 424052, 393, 739, 0.015037593984962405, 0.008053691275167786, 0.01048951048951049, 0.5035638881283659
