test#, training_year_first, training_year_last, training_month_first, training_month_last, testing_year, testing_month_first, testing_month_last, num_features, penalty, fit_intercept, loss, shuffle, num_iter, true_pos, true_neg, false_pos, false_neg, precision, recall, f1-score, AUROC
0, 2005, 2005, 12, 12, 2006, 1, 1, 32, none, True, squared_hinge, True, 50, 31, 421418, 3027, 714, 0.010137344669718771, 0.04161073825503356, 0.01630291874835656, 0.5172395360985024
1, 2005, 2005, 12, 12, 2006, 1, 1, 32, l2, True, squared_hinge, True, 50, 28, 421362, 3083, 717, 0.00900032144005143, 0.03758389261744966, 0.014522821576763484, 0.5151601447796693
2, 2005, 2005, 12, 12, 2006, 1, 1, 32, l1, True, squared_hinge, True, 50, 63, 422131, 2314, 682, 0.026503996634413125, 0.08456375838926175, 0.04035874439461883, 0.5395559665322129
3, 2005, 2005, 12, 12, 2006, 1, 1, 32, elasticnet, True, squared_hinge, True, 50, 337, 422840, 1605, 408, 0.17353244078269825, 0.45234899328859063, 0.2508373650911798, 0.7242837923127565
4, 2005, 2005, 12, 12, 2006, 1, 1, 32, none, False, squared_hinge, True, 50, 302, 423185, 1260, 443, 0.19334186939820744, 0.4053691275167785, 0.26181187689640223, 0.7012002725074616
5, 2005, 2005, 12, 12, 2006, 1, 1, 32, l2, False, squared_hinge, True, 50, 13, 421478, 2967, 732, 0.00436241610738255, 0.0174496644295302, 0.00697986577181208, 0.5052296797215092
6, 2005, 2005, 12, 12, 2006, 1, 1, 32, l1, False, squared_hinge, True, 50, 20, 423154, 1291, 725, 0.015255530129672006, 0.026845637583892617, 0.019455252918287938, 0.51190200926421
7, 2005, 2005, 12, 12, 2006, 1, 1, 32, elasticnet, False, squared_hinge, True, 50, 341, 423033, 1412, 404, 0.19452367370222476, 0.4577181208053691, 0.2730184147317854, 0.7271957117945022
