test#, training_year_first, training_year_last, training_month_first, training_month_last, testing_year, testing_month_first, testing_month_last, num_features, penalty, fit_intercept, loss, shuffle, num_iter, true_pos, true_neg, false_pos, false_neg, precision, recall, f1-score, AUROC
0, 2004, 2005, 1, 12, 2006, 1, 1, 32, none, True, squared_hinge, True, 50, 298, 421417, 3028, 447, 0.08959711365003006, 0.4, 0.14640137558339475, 0.6964329889620563
1, 2004, 2005, 1, 12, 2006, 1, 1, 32, l2, True, squared_hinge, True, 50, 254, 421243, 3202, 491, 0.07349537037037036, 0.3409395973154362, 0.12092358962151868, 0.666697814066075
2, 2004, 2005, 1, 12, 2006, 1, 1, 32, l1, True, squared_hinge, True, 50, 364, 422374, 2071, 381, 0.14948665297741273, 0.4885906040268456, 0.2289308176100629, 0.7418556455208267
3, 2004, 2005, 1, 12, 2006, 1, 1, 32, elasticnet, True, squared_hinge, True, 50, 616, 423558, 887, 129, 0.4098469727212242, 0.8268456375838926, 0.5480427046263345, 0.9123779248716504
4, 2004, 2005, 1, 12, 2006, 1, 1, 32, none, False, squared_hinge, True, 50, 247, 419419, 5026, 498, 0.046842404703205005, 0.3315436241610738, 0.08208707211698238, 0.6598511392018365
5, 2004, 2005, 1, 12, 2006, 1, 1, 32, l2, False, squared_hinge, True, 50, 277, 424431, 14, 468, 0.9518900343642611, 0.3718120805369127, 0.5347490347490347, 0.685889548143446
6, 2004, 2005, 1, 12, 2006, 1, 1, 32, l1, False, squared_hinge, True, 50, 220, 419533, 4912, 525, 0.042868277474668745, 0.2953020134228188, 0.07486812999829845, 0.64186462685065
7, 2004, 2005, 1, 12, 2006, 1, 1, 32, elasticnet, False, squared_hinge, True, 50, 278, 424431, 14, 467, 0.952054794520548, 0.3731543624161074, 0.536162005785921, 0.6865606890830434
