test#, training_year_first, training_year_last, training_month_first, training_month_last, testing_year, testing_month_first, testing_month_last, num_features, penalty, fit_intercept, loss, shuffle, num_iter, true_pos, true_neg, false_pos, false_neg, precision, recall, f1-score, AUROC
0, 2005, 2005, 1, 12, 2006, 1, 1, 36, none, True, squared_hinge, True, 50, 243, 420736, 3709, 502, 0.06148785425101214, 0.3261744966442953, 0.10347030019161166, 0.6587180132033454
1, 2005, 2005, 1, 12, 2006, 1, 1, 36, l2, True, squared_hinge, True, 50, 49, 420613, 3832, 696, 0.012625611955681525, 0.06577181208053691, 0.021184608733246867, 0.5283717758231614
2, 2005, 2005, 1, 12, 2006, 1, 1, 36, l1, True, squared_hinge, True, 50, 599, 423345, 1100, 146, 0.35256032960565037, 0.8040268456375839, 0.49018003273322425, 0.9007176129965536
3, 2005, 2005, 1, 12, 2006, 1, 1, 36, elasticnet, True, squared_hinge, True, 50, 46, 421173, 3272, 699, 0.013863773357444244, 0.06174496644295302, 0.022643366970219053, 0.5270180380047818
4, 2005, 2005, 1, 12, 2006, 1, 1, 36, none, False, squared_hinge, True, 50, 209, 418761, 5684, 536, 0.03546580688952995, 0.28053691275167786, 0.06297077432961735, 0.6335726536216542
5, 2005, 2005, 1, 12, 2006, 1, 1, 36, l2, False, squared_hinge, True, 50, 273, 421098, 3347, 472, 0.07541436464088398, 0.36644295302013424, 0.125085910652921, 0.6792786806236744
6, 2005, 2005, 1, 12, 2006, 1, 1, 36, l1, False, squared_hinge, True, 50, 517, 419363, 5082, 228, 0.09233791748526522, 0.6939597315436241, 0.16298865069356872, 0.8409932243930703
7, 2005, 2005, 1, 12, 2006, 1, 1, 36, elasticnet, False, squared_hinge, True, 50, 284, 424431, 14, 461, 0.9530201342281879, 0.3812080536912752, 0.5445829338446788, 0.6905875347206273
