test#, training_year_first, training_year_last, training_month_first, training_month_last, testing_year, testing_month_first, testing_month_last, num_features, penalty, fit_intercept, loss, shuffle, num_iter, true_pos, true_neg, false_pos, false_neg, precision, recall, f1-score, AUROC
0, 2005, 2005, 1, 12, 2006, 1, 1, 36, none, True, squared_hinge, True, 50, 158, 421390, 3055, 587, 0.049175225645813885, 0.21208053691275167, 0.07983830217281457, 0.6024414511773407
1, 2005, 2005, 1, 12, 2006, 1, 1, 36, l2, True, squared_hinge, True, 50, 336, 422171, 2274, 409, 0.12873563218390804, 0.45100671140939597, 0.20029806259314456, 0.7228245633994522
2, 2005, 2005, 1, 12, 2006, 1, 1, 36, l1, True, squared_hinge, True, 50, 189, 420143, 4302, 556, 0.04208416833667335, 0.2536912751677852, 0.07219251336898395, 0.6217778431700111
3, 2005, 2005, 1, 12, 2006, 1, 1, 36, elasticnet, True, squared_hinge, True, 50, 232, 420358, 4087, 513, 0.05371613799490623, 0.31140939597315437, 0.09162717219589259, 0.6508901754924966
4, 2005, 2005, 1, 12, 2006, 1, 1, 36, none, False, squared_hinge, True, 50, 54, 419501, 4944, 691, 0.010804321728691477, 0.07248322147651007, 0.018805502350687796, 0.5304175345917579
5, 2005, 2005, 1, 12, 2006, 1, 1, 36, l2, False, squared_hinge, True, 50, 281, 424431, 14, 464, 0.9525423728813559, 0.37718120805369126, 0.5403846153846154, 0.6885741119018354
6, 2005, 2005, 1, 12, 2006, 1, 1, 36, l1, False, squared_hinge, True, 50, 262, 418802, 5643, 483, 0.04436917866215072, 0.3516778523489933, 0.078796992481203, 0.6691914217864133
7, 2005, 2005, 1, 12, 2006, 1, 1, 36, elasticnet, False, squared_hinge, True, 50, 226, 420704, 3741, 519, 0.05697000252079657, 0.30335570469798656, 0.09592529711375213, 0.647270920944453
