test#, training_year_first, training_year_last, training_month_first, training_month_last, testing_year, testing_month_first, testing_month_last, num_features, penalty, fit_intercept, loss, shuffle, num_iter, true_pos, true_neg, false_pos, false_neg, precision, recall, f1-score, AUROC
0, 2005, 2005, 12, 12, 2006, 1, 1, 36, none, True, squared_hinge, True, 50, 107, 422044, 2401, 638, 0.04266347687400319, 0.1436241610738255, 0.06578542883492161, 0.568983681097645
1, 2005, 2005, 12, 12, 2006, 1, 1, 36, l2, True, squared_hinge, True, 50, 19, 421602, 2843, 726, 0.006638714185883997, 0.025503355704697986, 0.010535070695869142, 0.5094025984663273
2, 2005, 2005, 12, 12, 2006, 1, 1, 36, l1, True, squared_hinge, True, 50, 319, 423320, 1125, 426, 0.22091412742382271, 0.42818791946308726, 0.2914572864321608, 0.7127686996860725
3, 2005, 2005, 12, 12, 2006, 1, 1, 36, elasticnet, True, squared_hinge, True, 50, 295, 423102, 1343, 450, 0.1800976800976801, 0.3959731543624161, 0.2475870751154007, 0.6964045111891478
4, 2005, 2005, 12, 12, 2006, 1, 1, 36, none, False, squared_hinge, True, 50, 3, 422460, 1985, 742, 0.0015090543259557343, 0.004026845637583893, 0.0021953896816684962, 0.4996750750941162
5, 2005, 2005, 12, 12, 2006, 1, 1, 36, l2, False, squared_hinge, True, 50, 17, 423916, 529, 728, 0.031135531135531136, 0.022818791946308724, 0.026336173508907823, 0.5107862292495506
6, 2005, 2005, 12, 12, 2006, 1, 1, 36, l1, False, squared_hinge, True, 50, 170, 420786, 3659, 575, 0.04439801514755811, 0.22818791946308725, 0.07433318758198514, 0.6097836250592067
7, 2005, 2005, 12, 12, 2006, 1, 1, 36, elasticnet, False, squared_hinge, True, 50, 13, 420247, 4198, 732, 0.0030871526953217764, 0.0174496644295302, 0.005246166263115416, 0.5037795507295314
