test#, training_year_first, training_year_last, training_month_first, training_month_last, testing_year, testing_month_first, testing_month_last, num_features, penalty, fit_intercept, loss, shuffle, num_iter, true_pos, true_neg, false_pos, false_neg, precision, recall, f1-score, AUROC
0, 2004, 2005, 1, 12, 2006, 1, 1, 32, none, True, squared_hinge, True, 50, 629, 423125, 1320, 116, 0.3227296049256029, 0.8442953020134228, 0.4669636228656273, 0.9205926792200254
1, 2004, 2005, 1, 12, 2006, 1, 1, 32, l2, True, squared_hinge, True, 50, 599, 422430, 2015, 146, 0.22915072685539403, 0.8040268456375839, 0.3566537660017862, 0.8996397348262369
2, 2004, 2005, 1, 12, 2006, 1, 1, 32, l1, True, squared_hinge, True, 50, 393, 422285, 2160, 352, 0.15393654524089306, 0.5275167785234899, 0.23832625833838691, 0.7612138899744404
3, 2004, 2005, 1, 12, 2006, 1, 1, 32, elasticnet, True, squared_hinge, True, 50, 250, 420841, 3604, 495, 0.06486766995329528, 0.33557046979865773, 0.10871928680147859, 0.6635396907181039
4, 2004, 2005, 1, 12, 2006, 1, 1, 32, none, False, squared_hinge, True, 50, 495, 419743, 4702, 250, 0.09524725803348086, 0.6644295302013423, 0.16661056883204306, 0.8266757671150664
5, 2004, 2005, 1, 12, 2006, 1, 1, 32, l2, False, squared_hinge, True, 50, 279, 424432, 13, 466, 0.9554794520547946, 0.374496644295302, 0.5380906460945033, 0.68723300803157
6, 2004, 2005, 1, 12, 2006, 1, 1, 32, l1, False, squared_hinge, True, 50, 213, 419364, 5081, 532, 0.04023422742727616, 0.2859060402684564, 0.07054148037754596, 0.6369675567644159
7, 2004, 2005, 1, 12, 2006, 1, 1, 32, elasticnet, False, squared_hinge, True, 50, 286, 424430, 15, 459, 0.9501661129568106, 0.3838926174496644, 0.5468451242829828, 0.6919286385908926
