test#, training_year_first, training_year_last, training_month_first, training_month_last, testing_year, testing_month_first, testing_month_last, num_features, penalty, fit_intercept, loss, shuffle, num_iter, true_pos, true_neg, false_pos, false_neg, precision, recall, f1-score, AUROC
0, 2004, 2005, 1, 12, 2006, 1, 1, 36, none, True, squared_hinge, True, 50, 233, 421807, 2638, 512, 0.08115639150121909, 0.312751677852349, 0.1288716814159292, 0.6532682513706608
1, 2004, 2005, 1, 12, 2006, 1, 1, 36, l2, True, squared_hinge, True, 50, 470, 420760, 3685, 275, 0.11311672683513839, 0.6308724832214765, 0.19183673469387758, 0.8110952787062394
2, 2004, 2005, 1, 12, 2006, 1, 1, 36, l1, True, squared_hinge, True, 50, 239, 420495, 3950, 506, 0.057054189544043926, 0.3208053691275168, 0.09687880016214025, 0.6557495492929931
3, 2004, 2005, 1, 12, 2006, 1, 1, 36, elasticnet, True, squared_hinge, True, 50, 386, 421578, 2867, 359, 0.11865969873962497, 0.5181208053691275, 0.19309654827413705, 0.7556830510842386
4, 2004, 2005, 1, 12, 2006, 1, 1, 36, none, False, squared_hinge, True, 50, 269, 420501, 3944, 476, 0.06384998813197247, 0.3610738255033557, 0.10851149657119807, 0.6758908455344883
5, 2004, 2005, 1, 12, 2006, 1, 1, 36, l2, False, squared_hinge, True, 50, 275, 424431, 14, 470, 0.9515570934256056, 0.3691275167785235, 0.5319148936170214, 0.6845472662642514
6, 2004, 2005, 1, 12, 2006, 1, 1, 36, l1, False, squared_hinge, True, 50, 255, 419167, 5278, 490, 0.04608711368154708, 0.3422818791946309, 0.0812360624402676, 0.6649234084684295
7, 2004, 2005, 1, 12, 2006, 1, 1, 36, elasticnet, False, squared_hinge, True, 50, 34, 423723, 722, 711, 0.04497354497354497, 0.04563758389261745, 0.045303131245836105, 0.5219682694993486
