test#, training_year_first, training_year_last, training_month_first, training_month_last, testing_year, testing_month_first, testing_month_last, num_features, penalty, fit_intercept, loss, shuffle, num_iter, true_pos, true_neg, false_pos, false_neg, precision, recall, f1-score, AUROC
0, 2005, 2005, 12, 12, 2006, 1, 1, 36, none, True, squared_hinge, True, 50, 287, 422828, 1617, 458, 0.15073529411764705, 0.38523489932885907, 0.2166855417138543, 0.6907126092257388
1, 2005, 2005, 12, 12, 2006, 1, 1, 36, l2, True, squared_hinge, True, 50, 14, 422647, 1798, 731, 0.00772626931567329, 0.01879194630872483, 0.010950332420805632, 0.5072779130994672
2, 2005, 2005, 12, 12, 2006, 1, 1, 36, l1, True, squared_hinge, True, 50, 26, 423370, 1075, 719, 0.023614895549500452, 0.0348993288590604, 0.02816901408450704, 0.5161833048305244
3, 2005, 2005, 12, 12, 2006, 1, 1, 36, elasticnet, True, squared_hinge, True, 50, 14, 422461, 1984, 731, 0.007007007007007007, 0.01879194630872483, 0.01020780167699599, 0.5070588034386161
4, 2005, 2005, 12, 12, 2006, 1, 1, 36, none, False, squared_hinge, True, 50, 323, 420564, 3881, 422, 0.07683158896289248, 0.43355704697986575, 0.13053142048898767, 0.7122066708352898
5, 2005, 2005, 12, 12, 2006, 1, 1, 36, l2, False, squared_hinge, True, 50, 4, 418566, 5879, 741, 0.000679925208227095, 0.005369127516778523, 0.0012070006035003018, 0.49575904926298936
6, 2005, 2005, 12, 12, 2006, 1, 1, 36, l1, False, squared_hinge, True, 50, 147, 422029, 2416, 598, 0.0573546625048771, 0.19731543624161074, 0.08887545344619105, 0.595811648547598
7, 2005, 2005, 12, 12, 2006, 1, 1, 36, elasticnet, False, squared_hinge, True, 50, 354, 422822, 1623, 391, 0.17905918057663125, 0.47516778523489933, 0.2601028655400441, 0.7356719841251833
