test#, training_year_first, training_year_last, training_month_first, training_month_last, testing_year, testing_month_first, testing_month_last,num_features, penalty, fit_intercept, loss, shuffle, num_iter, true_pos, true_neg, false_pos, false_neg, precision, recall, f1-score, AUROC
0,2014,2014,1,12,2015,1,1,33, none, True, squared_hinge, True,50,3687,295783,9993,3939,0.269517544,0.4834775770000001,0.34609969,0.725398395
1,2014,2014,1,12,2015,1,1,33, l2, True, squared_hinge, True,50,3773,297969,7807,3853,0.32582038,0.494754786,0.39289805299999997,0.7346115120000001
2,2014,2014,1,12,2015,1,1,33, l1, True, squared_hinge, True,50,3608,297607,8169,4018,0.306359854,0.47311828,0.371901252,0.723201322
3,2014,2014,1,12,2015,1,1,33, elasticnet, True, squared_hinge, True,50,1615,297873,7903,6011,0.16967850399999998,0.211775505,0.18840410600000002,0.592964894
4,2014,2014,1,12,2015,1,1,33, none, False, squared_hinge, True,50,3786,296701,9075,3840,0.294378353,0.49645948100000004,0.36960023399999997,0.7333904459999999
5,2014,2014,1,12,2015,1,1,33, l2, False, squared_hinge, True,50,4011,297000,8776,3615,0.313677954,0.525963808,0.39298486299999996,0.74863153
6,2014,2014,1,12,2015,1,1,33, l1, False, squared_hinge, True,50,3968,294279,11497,3658,0.256579373,0.520325203,0.343683686,0.741362892
7,2014,2014,1,12,2015,1,1,33, elasticnet, False, squared_hinge, True,50,3962,295496,10280,3664,0.278191265,0.519538421,0.362355954,0.74295952
