test#, training_year_first, training_year_last, training_month_first, training_month_last, testing_year, testing_month_first, testing_month_last,num_features, penalty, fit_intercept, loss, shuffle, num_iter, true_pos, true_neg, false_pos, false_neg, precision, recall, f1-score, AUROC
0,2014,2014,7,12,2015,1,1,31, none, True, squared_hinge, True,50,1115,288774,17002,6511,0.06154440580670089,0.14621033307107265,0.08662549042458144,0.5453037694343904
1,2014,2014,7,12,2015,1,1,31, l2, True, squared_hinge, True,50,1166,289834,15942,6460,0.06815524900631284,0.15289798059270915,0.09428317296029758,0.5503808881562259
2,2014,2014,7,12,2015,1,1,31, l1, True, squared_hinge, True,50,1084,288986,16790,6542,0.06064674946850174,0.14214529242066615,0.08501960784313728,0.5436179081013905
3,2014,2014,7,12,2015,1,1,31, elasticnet, True, squared_hinge, True,50,1151,290018,15758,6475,0.06807025844224969,0.15093102543928666,0.09382514774811494,0.5496982844218044
4,2014,2014,7,12,2015,1,1,31, none, False, squared_hinge, True,50,1356,283863,21913,6270,0.058274958098758,0.1778127458693942,0.0877811943680207,0.5530745875754799
5,2014,2014,7,12,2015,1,1,31, l2, False, squared_hinge, True,50,1225,284754,21022,6401,0.05506360408144918,0.16063467086283767,0.08201385866836275,0.5459424989498114
6,2014,2014,7,12,2015,1,1,31, l1, False, squared_hinge, True,50,1331,281652,24124,6295,0.0522883519937144,0.17453448728035667,0.08046915147667846,0.5478200666217073
7,2014,2014,7,12,2015,1,1,31, elasticnet, False, squared_hinge, True,50,1433,281649,24127,6193,0.0560641627543036,0.18790978232362968,0.08636171879708311,0.5545028085915673
