test#, training_year_first, training_year_last, training_month_first, training_month_last, testing_year, testing_month_first, testing_month_last, num_features, penalty, fit_intercept, loss, shuffle, num_iter, true_pos, true_neg, false_pos, false_neg, precision, recall, f1-score, AUROC
0, 2013, 2014, 1, 12, 2015, 1, 1, 33, none, True, squared_hinge, True, 50, 1723, 297254, 8522, 5903, 0.1681795998047828, 0.22593758195646474, 0.1928263667394102, 0.5990337535652241
1, 2013, 2014, 1, 12, 2015, 1, 1, 33, l2, True, squared_hinge, True, 50, 1572, 297462, 8314, 6054, 0.1590127452963787, 0.20613690007867821, 0.1795340338053906, 0.5894735308828324
2, 2013, 2014, 1, 12, 2015, 1, 1, 33, l1, True, squared_hinge, True, 50, 1640, 297292, 8484, 5986, 0.16199130778348478, 0.21505376344086022, 0.1847887323943662, 0.5936539812965904
3, 2013, 2014, 1, 12, 2015, 1, 1, 33, elasticnet, True, squared_hinge, True, 50, 1803, 296745, 9031, 5823, 0.1664205279675097, 0.23642800944138473, 0.19534127843987, 0.6034466586896107
4, 2013, 2014, 1, 12, 2015, 1, 1, 33, none, False, squared_hinge, True, 50, 2138, 292110, 13666, 5488, 0.13528220703619337, 0.28035667453448726, 0.18250106700810925, 0.6178319137415254
5, 2013, 2014, 1, 12, 2015, 1, 1, 33, l2, False, squared_hinge, True, 50, 4231, 291718, 14058, 3395, 0.2313412433703319, 0.554812483608707, 0.3265290372371214, 0.754418826179844
6, 2013, 2014, 1, 12, 2015, 1, 1, 33, l1, False, squared_hinge, True, 50, 2159, 292356, 13420, 5467, 0.13858399127029977, 0.28311041174927876, 0.18608058608058609, 0.6196110375945912
7, 2013, 2014, 1, 12, 2015, 1, 1, 33, elasticnet, False, squared_hinge, True, 50, 4333, 289582, 16194, 3293, 0.21108783553368735, 0.5681877786519801, 0.3078179945298902, 0.7576137208366384
