test#, training_year_first, training_year_last, training_month_first, training_month_last, testing_year, testing_month_first, testing_month_last, num_features, penalty, fit_intercept, loss, shuffle, num_iter, true_pos, true_neg, false_pos, false_neg, precision, recall, f1-score, AUROC
0, 2013, 2014, 1, 12, 2015, 1, 1, 31, none, True, squared_hinge, True, 50, 1233, 265378, 40398, 6393, 0.02961735245370037, 0.16168371361132966, 0.05006395030147999, 0.5147836965838031
1, 2013, 2014, 1, 12, 2015, 1, 1, 31, l2, True, squared_hinge, True, 50, 1128, 266831, 38945, 6498, 0.02814862875252664, 0.14791502753737215, 0.04729658902702363, 0.5102752757905583
2, 2013, 2014, 1, 12, 2015, 1, 1, 31, l1, True, squared_hinge, True, 50, 2037, 253284, 52492, 5589, 0.037356269141190925, 0.26711250983477575, 0.06554581288713698, 0.547722180300675
3, 2013, 2014, 1, 12, 2015, 1, 1, 31, elasticnet, True, squared_hinge, True, 50, 1231, 265528, 40248, 6395, 0.029677668217652307, 0.16142145292420665, 0.05013746054373282, 0.5148978438290648
4, 2013, 2014, 1, 12, 2015, 1, 1, 31, none, False, squared_hinge, True, 50, 1403, 263248, 42528, 6223, 0.031936445789988846, 0.1839758720167847, 0.054425199293985295, 0.5224468340252414
5, 2013, 2014, 1, 12, 2015, 1, 1, 31, l2, False, squared_hinge, True, 50, 1449, 264252, 41524, 6177, 0.03371884671770647, 0.19000786782061369, 0.05727385916717721, 0.5271045565883457
6, 2013, 2014, 1, 12, 2015, 1, 1, 31, l1, False, squared_hinge, True, 50, 2060, 258346, 47430, 5566, 0.04162457062032734, 0.2701285077366903, 0.07213390293437916, 0.5575074802824521
7, 2013, 2014, 1, 12, 2015, 1, 1, 31, elasticnet, False, squared_hinge, True, 50, 1869, 262798, 42978, 5757, 0.04167502842999532, 0.24508261211644375, 0.07123663598422048, 0.5522643713086012
