test#, training_year_first, training_year_last, training_month_first, training_month_last, testing_year, testing_month_first, testing_month_last, num_features, penalty, fit_intercept, loss, shuffle, num_iter, true_pos, true_neg, false_pos, false_neg, precision, recall, f1-score, AUROC
0, 1993, 2014, 1, 12, 2015, 1, 1, 27, none, True, squared_hinge, True, 50, 2044, 253552, 52224, 5582, 0.03766492223778285, 0.26803042223970625, 0.06604840533815878, 0.548619365795171
1, 1993, 2014, 1, 12, 2015, 1, 1, 27, l2, True, squared_hinge, True, 50, 1743, 264779, 40997, 5883, 0.040781469349555455, 0.22856018882769472, 0.06921335821784537, 0.5472424590206183
2, 1993, 2014, 1, 12, 2015, 1, 1, 27, l1, True, squared_hinge, True, 50, 1488, 265708, 40068, 6138, 0.035807103667340454, 0.1951219512195122, 0.060509942661949485, 0.5320424260833053
3, 1993, 2014, 1, 12, 2015, 1, 1, 27, elasticnet, True, squared_hinge, True, 50, 1649, 268507, 37269, 5977, 0.042371139318567244, 0.21623393653291373, 0.0708576830525954, 0.5471752985474468
4, 1993, 2014, 1, 12, 2015, 1, 1, 27, none, False, squared_hinge, True, 50, 1648, 282585, 23191, 5978, 0.066347276460405, 0.2161028061893522, 0.10152471892807637, 0.5701298526786853
5, 1993, 2014, 1, 12, 2015, 1, 1, 27, l2, False, squared_hinge, True, 50, 1918, 262752, 43024, 5708, 0.042677228427751325, 0.25150799895095727, 0.072972150357632, 0.5554018462652855
6, 1993, 2014, 1, 12, 2015, 1, 1, 27, l1, False, squared_hinge, True, 50, 2307, 261664, 44112, 5319, 0.04969947650746462, 0.3025177025963808, 0.08537330002775464, 0.5791276179770664
7, 1993, 2014, 1, 12, 2015, 1, 1, 27, elasticnet, False, squared_hinge, True, 50, 1905, 252877, 52899, 5721, 0.034760236479089116, 0.24980330448465776, 0.06102835175396444, 0.5384020577679424
