test#, training_year_first, training_year_last, training_month_first, training_month_last, testing_year, testing_month_first, testing_month_last,num_features, penalty, fit_intercept, loss, shuffle, num_iter, true_pos, true_neg, false_pos, false_neg, precision, recall, f1-score, AUROC
0,1993,2014,1,12,2015,1,1,33, none, True, squared_hinge, True,50,1767,295474,10302,5859,0.1464081531195625,0.23170731707317074,0.17943640517897946,0.5990079937362086
1,1993,2014,1,12,2015,1,1,33, l2, True, squared_hinge, True,50,2040,293838,11938,5586,0.14594362569752467,0.2675059008654603,0.1888539159414923,0.6142321247302551
2,1993,2014,1,12,2015,1,1,33, l1, True, squared_hinge, True,50,1667,293232,12544,5959,0.11730349729083105,0.21859428271702072,0.1526766497229473,0.5887853941971896
3,1993,2014,1,12,2015,1,1,33, elasticnet, True, squared_hinge, True,50,1640,295157,10619,5986,0.13377926421404682,0.21505376344086025,0.16494845360824742,0.5901628636156737
4,1993,2014,1,12,2015,1,1,33, none, False, squared_hinge, True,50,1971,283928,21848,5655,0.08274906587178303,0.2584579071597168,0.12536174272539352,0.593503455175798
5,1993,2014,1,12,2015,1,1,33, l2, False, squared_hinge, True,50,2043,290366,15410,5583,0.1170572394430757,0.26789929189614475,0.1629251565054428,0.6087514616563032
6,1993,2014,1,12,2015,1,1,33, l1, False, squared_hinge, True,50,4528,293503,12273,3098,0.2695077673947979,0.5937581956464726,0.3707372988905721,0.7768104855057228
7,1993,2014,1,12,2015,1,1,33, elasticnet, False, squared_hinge, True,50,1930,292558,13218,5696,0.1274095590176921,0.2530815630736952,0.1694915254237288,0.6049269204097479
