test#, training_year_first, training_year_last, training_month_first, training_month_last, testing_year, testing_month_first, testing_month_last,num_features, penalty, fit_intercept, loss, shuffle, num_iter, true_pos, true_neg, false_pos, false_neg, precision, recall, f1-score, AUROC
0,2014,2014,12,12,2015,1,1,31, none, True, squared_hinge, True,50,1391,289481,16295,6235,0.07864977948659957,0.18240230789404668,0.10990834386852087,0.5645558318811974
1,2014,2014,12,12,2015,1,1,31, l2, True, squared_hinge, True,50,1306,287037,18739,6320,0.065153404839112,0.17125622869131918,0.09439485381807668,0.5549864027659411
2,2014,2014,12,12,2015,1,1,31, l1, True, squared_hinge, True,50,1308,290744,15032,6318,0.08004895960832313,0.17151848937844216,0.10915463573395642,0.5611791599212863
3,2014,2014,12,12,2015,1,1,31, elasticnet, True, squared_hinge, True,50,1301,286220,19556,6325,0.0623771395694491,0.17060057697351164,0.09135273672014886,0.5533226316399137
4,2014,2014,12,12,2015,1,1,31, none, False, squared_hinge, True,50,1549,281592,24184,6077,0.06019508024715346,0.2031209021767637,0.09286849126172847,0.5620151630343816
5,2014,2014,12,12,2015,1,1,31, l2, False, squared_hinge, True,50,1429,287773,18003,6197,0.0735384932070811,0.18738526094938368,0.10562495380294183,0.5642544142641325
6,2014,2014,12,12,2015,1,1,31, l1, False, squared_hinge, True,50,1510,283142,22634,6116,0.06254141815772034,0.1980068187778652,0.09505823103556814,0.5619926564194386
7,2014,2014,12,12,2015,1,1,31, elasticnet, False, squared_hinge, True,50,1678,283462,22314,5948,0.06993997999333111,0.2200367164961972,0.106142070972231,0.5735308641347607
