test#, training_year_first, training_year_last, training_month_first, training_month_last, testing_year, testing_month_first, testing_month_last, num_features, penalty, fit_intercept, loss, shuffle, num_iter, true_pos, true_neg, false_pos, false_neg, precision, recall, f1-score, AUROC
0, 1993, 2014, 1, 12, 2015, 1, 1, 33, none, True, squared_hinge, True, 50, 1747, 295508, 10268, 5879, 0.14540158135663753, 0.22908471020194074, 0.17789318262817577, 0.5977522865540601
1, 1993, 2014, 1, 12, 2015, 1, 1, 33, l2, True, squared_hinge, True, 50, 1863, 295790, 9986, 5763, 0.15722845809772976, 0.24429583005507474, 0.1913222079589217, 0.6058189683476148
2, 1993, 2014, 1, 12, 2015, 1, 1, 33, l1, True, squared_hinge, True, 50, 1684, 293853, 11923, 5942, 0.1237598294995223, 0.22082349855756622, 0.15862101445862573, 0.5909154513351904
3, 1993, 2014, 1, 12, 2015, 1, 1, 33, elasticnet, True, squared_hinge, True, 50, 1894, 293561, 12215, 5732, 0.13424055567368345, 0.24836087070548124, 0.17428111341154817, 0.6042066637029054
4, 1993, 2014, 1, 12, 2015, 1, 1, 33, none, False, squared_hinge, True, 50, 4083, 291526, 14250, 3543, 0.22271314023891345, 0.535405192761605, 0.31457298046920146, 0.7444012254425995
5, 1993, 2014, 1, 12, 2015, 1, 1, 33, l2, False, squared_hinge, True, 50, 3981, 293514, 12262, 3645, 0.24509019269839316, 0.522029897718332, 0.3335707402907537, 0.7409643235648329
6, 1993, 2014, 1, 12, 2015, 1, 1, 33, l1, False, squared_hinge, True, 50, 4331, 293684, 12092, 3295, 0.2637155209157888, 0.567925517964857, 0.36018129651960573, 0.7641901149554283
7, 1993, 2014, 1, 12, 2015, 1, 1, 33, elasticnet, False, squared_hinge, True, 50, 2249, 292272, 13504, 5377, 0.14276645718275885, 0.2949121426698138, 0.19239488429787419, 0.6253745476051178
