test#, training_year_first, training_year_last, training_month_first, training_month_last, testing_year, testing_month_first, testing_month_last,num_features, penalty, fit_intercept, loss, shuffle, num_iter, true_pos, true_neg, false_pos, false_neg, precision, recall, f1-score, AUROC
0,2014,2014,7,12,2015,1,1,29, none, True, squared_hinge, True,50,3875,295994,9782,3751,0.2837372775865856,0.5081300813008129,0.36414039374148377,0.7380696714912836
1,2014,2014,7,12,2015,1,1,29, l2, True, squared_hinge, True,50,1689,297851,7925,5937,0.1756812981069274,0.2214791502753737,0.1959396751740139,0.5977807425281949
2,2014,2014,7,12,2015,1,1,29, l1, True, squared_hinge, True,50,1406,298840,6936,6220,0.16854471349796213,0.1843692630474692,0.17610220440881766,0.5808429958165503
3,2014,2014,7,12,2015,1,1,29, elasticnet, True, squared_hinge, True,50,1477,298555,7221,6149,0.16980915152908715,0.19367951744033568,0.1809605488850772,0.5850320955942194
4,2014,2014,7,12,2015,1,1,29, none, False, squared_hinge, True,50,4087,296204,9572,3539,0.2992166337213559,0.535929714135851,0.38402630960770495,0.7523128765331549
5,2014,2014,7,12,2015,1,1,29, l2, False, squared_hinge, True,50,4080,293203,12573,3546,0.2450009007386057,0.5350118017309206,0.3360929198072408,0.7469467333703005
6,2014,2014,7,12,2015,1,1,29, l1, False, squared_hinge, True,50,4063,296262,9514,3563,0.29925609486631805,0.5327825858903751,0.38324765363391977,0.7508341530780953
7,2014,2014,7,12,2015,1,1,29, elasticnet, False, squared_hinge, True,50,4071,295684,10092,3555,0.28743910188519384,0.533831628638867,0.37367479003166737,0.7504135381434092
