test#, training_year_first, training_year_last, training_month_first, training_month_last, testing_year, testing_month_first, testing_month_last, num_features, penalty, fit_intercept, loss, shuffle, num_iter, true_pos, true_neg, false_pos, false_neg, precision, recall, f1-score, AUROC
0, 1993, 2014, 1, 12, 2015, 1, 1, 27, none, True, squared_hinge, True, 50, 1358, 268292, 37484, 6268, 0.03496215436898203, 0.17807500655651717, 0.05844882499784798, 0.5277442690152686
1, 1993, 2014, 1, 12, 2015, 1, 1, 27, l2, True, squared_hinge, True, 50, 1883, 263829, 41947, 5743, 0.042961441934747886, 0.24691843692630475, 0.07318874378109451, 0.5548681583407097
2, 1993, 2014, 1, 12, 2015, 1, 1, 27, l1, True, squared_hinge, True, 50, 1862, 260262, 45514, 5764, 0.03930260047281324, 0.24416469971151325, 0.06770662884986002, 0.5476585886710985
3, 1993, 2014, 1, 12, 2015, 1, 1, 27, elasticnet, True, squared_hinge, True, 50, 1784, 262287, 43489, 5842, 0.03940538510812184, 0.23393653291371624, 0.06744929015671373, 0.5458557527213131
4, 1993, 2014, 1, 12, 2015, 1, 1, 27, none, False, squared_hinge, True, 50, 1860, 260425, 45351, 5766, 0.039397598017411196, 0.24390243902439024, 0.06783740904863504, 0.5477939933073916
5, 1993, 2014, 1, 12, 2015, 1, 1, 27, l2, False, squared_hinge, True, 50, 2428, 268445, 37331, 5198, 0.061067934304182704, 0.3183844741673223, 0.10247968766487284, 0.598149185961271
6, 1993, 2014, 1, 12, 2015, 1, 1, 27, l1, False, squared_hinge, True, 50, 2274, 258736, 47040, 5352, 0.04611266577442511, 0.2981904012588513, 0.07987355110642781, 0.5721761487744731
7, 1993, 2014, 1, 12, 2015, 1, 1, 27, elasticnet, False, squared_hinge, True, 50, 1892, 260116, 45660, 5734, 0.039788021534320324, 0.24809861001835826, 0.06857805647178224, 0.5493868069713997
