test#, training_year_first, training_year_last, training_month_first, training_month_last, testing_year, testing_month_first, testing_month_last, num_features, penalty, fit_intercept, loss, shuffle, num_iter, true_pos, true_neg, false_pos, false_neg, precision, recall, f1-score, AUROC
0, 2013, 2014, 1, 12, 2015, 1, 1, 33, none, True, squared_hinge, True, 50, 1758, 297241, 8535, 5868, 0.17079568638880793, 0.23052714398111723, 0.19621630671354431, 0.6013072771865191
1, 2013, 2014, 1, 12, 2015, 1, 1, 33, l2, True, squared_hinge, True, 50, 1600, 297096, 8680, 6026, 0.1556420233463035, 0.2098085496984002, 0.17871104657656653, 0.5907108783759648
2, 2013, 2014, 1, 12, 2015, 1, 1, 33, l1, True, squared_hinge, True, 50, 1968, 296097, 9679, 5658, 0.16897055035631492, 0.25806451612903225, 0.2042235251387952, 0.6132053128497184
3, 2013, 2014, 1, 12, 2015, 1, 1, 33, elasticnet, True, squared_hinge, True, 50, 1566, 297542, 8234, 6060, 0.15979591836734694, 0.2053501180173092, 0.1797314357856077, 0.5892109545661869
4, 2013, 2014, 1, 12, 2015, 1, 1, 33, none, False, squared_hinge, True, 50, 2249, 293721, 12055, 5377, 0.1572287472035794, 0.2949121426698138, 0.20510715914272687, 0.6277439291131498
5, 2013, 2014, 1, 12, 2015, 1, 1, 33, l2, False, squared_hinge, True, 50, 4204, 292188, 13588, 3422, 0.23628597122302158, 0.5512719643325465, 0.3307892045007475, 0.7534171029867431
6, 2013, 2014, 1, 12, 2015, 1, 1, 33, l1, False, squared_hinge, True, 50, 4282, 294104, 11672, 3344, 0.2683966403409803, 0.5615001311303436, 0.36318914334181507, 0.7616641987868766
7, 2013, 2014, 1, 12, 2015, 1, 1, 33, elasticnet, False, squared_hinge, True, 50, 4405, 294576, 11200, 3221, 0.28228132008971485, 0.5776291633884081, 0.37923464336446994, 0.7705005217287391
