test#, training_year_first, training_year_last, training_month_first, training_month_last, testing_year, testing_month_first, testing_month_last, num_features, penalty, fit_intercept, loss, shuffle, num_iter, true_pos, true_neg, false_pos, false_neg, precision, recall, f1-score, AUROC
0, 1993, 2014, 1, 12, 2015, 1, 1, 31, none, True, squared_hinge, True, 50, 1853, 260893, 44883, 5773, 0.039648236905169464, 0.24298452661945974, 0.06817262058055261, 0.5481003031820547
1, 1993, 2014, 1, 12, 2015, 1, 1, 31, l2, True, squared_hinge, True, 50, 1700, 264368, 41408, 5926, 0.039435835575763196, 0.22292158405455023, 0.06701620215240271, 0.5437510960406705
2, 1993, 2014, 1, 12, 2015, 1, 1, 31, l1, True, squared_hinge, True, 50, 1290, 267686, 38090, 6336, 0.03275774504824784, 0.16915814319433517, 0.05488661021997192, 0.5222949158753319
3, 1993, 2014, 1, 12, 2015, 1, 1, 31, elasticnet, True, squared_hinge, True, 50, 1823, 261071, 44705, 5803, 0.03918070839064649, 0.23905061631261473, 0.06732651327695091, 0.546424410767369
4, 1993, 2014, 1, 12, 2015, 1, 1, 31, none, False, squared_hinge, True, 50, 2063, 261062, 44714, 5563, 0.04410287106911517, 0.27052189876737476, 0.07584140580482694, 0.5621453353394197
5, 1993, 2014, 1, 12, 2015, 1, 1, 31, l2, False, squared_hinge, True, 50, 1261, 290063, 15713, 6365, 0.07429009072699423, 0.16535536323105166, 0.10252032520325205, 0.5569840365943338
6, 1993, 2014, 1, 12, 2015, 1, 1, 31, l1, False, squared_hinge, True, 50, 2383, 261704, 44072, 5243, 0.051296954041545585, 0.3124836087070548, 0.08812706865627484, 0.584175978389423
7, 1993, 2014, 1, 12, 2015, 1, 1, 31, elasticnet, False, squared_hinge, True, 50, 1772, 257207, 48569, 5854, 0.03519993643352337, 0.23236296879097823, 0.06113823382269222, 0.5367622363184654
