test#, training_year_first, training_year_last, training_month_first, training_month_last, testing_year, testing_month_first, testing_month_last, num_features, penalty, fit_intercept, loss, shuffle, num_iter, true_pos, true_neg, false_pos, false_neg, precision, recall, f1-score, AUROC
0, 1993, 2014, 1, 12, 2015, 1, 1, 33, none, True, squared_hinge, True, 50, 1669, 293715, 12061, 5957, 0.12155863073561544, 0.2188565434041437, 0.15630267840419554, 0.5897063183767618
1, 1993, 2014, 1, 12, 2015, 1, 1, 33, l2, True, squared_hinge, True, 50, 1833, 295099, 10677, 5793, 0.14652278177458034, 0.24036191974822974, 0.18206197854588796, 0.6027221011016801
2, 1993, 2014, 1, 12, 2015, 1, 1, 33, l1, True, squared_hinge, True, 50, 1992, 295253, 10523, 5634, 0.15916899720335598, 0.2612116443745083, 0.19780547142644359, 0.6133987817393446
3, 1993, 2014, 1, 12, 2015, 1, 1, 33, elasticnet, True, squared_hinge, True, 50, 1832, 294874, 10902, 5794, 0.1438668132558505, 0.24023078940466824, 0.17996070726915522, 0.6022886195466646
4, 1993, 2014, 1, 12, 2015, 1, 1, 33, none, False, squared_hinge, True, 50, 4144, 292928, 12848, 3482, 0.243879472693032, 0.5434041437188566, 0.3366642294256235, 0.7506932287847592
5, 1993, 2014, 1, 12, 2015, 1, 1, 33, l2, False, squared_hinge, True, 50, 1991, 289859, 15917, 5635, 0.11117936117936118, 0.2610805140309468, 0.15594893083731498, 0.6045130344734819
6, 1993, 2014, 1, 12, 2015, 1, 1, 33, l1, False, squared_hinge, True, 50, 2182, 291737, 14039, 5444, 0.13451698415634056, 0.2861264096511933, 0.1829999580660041, 0.6201068576956714
7, 1993, 2014, 1, 12, 2015, 1, 1, 33, elasticnet, False, squared_hinge, True, 50, 4167, 294102, 11674, 3459, 0.26305157502682913, 0.546420141620771, 0.35513700089487366, 0.7541209336642394
