test#, training_year_first, training_year_last, training_month_first, training_month_last, testing_year, testing_month_first, testing_month_last,num_features, penalty, fit_intercept, loss, shuffle, num_iter, true_pos, true_neg, false_pos, false_neg, precision, recall, f1-score, AUROC
0,2014,2014,1,12,2015,1,1,33, none, True, squared_hinge, True,50,3514,299634,6142,4112,0.363918807,0.4607920270000001,0.406665895,0.720352714
1,2014,2014,1,12,2015,1,1,33, l2, True, squared_hinge, True,50,1420,298088,7688,6206,0.155906895,0.18620508800000002,0.16971435399999998,0.58053125
2,2014,2014,1,12,2015,1,1,33, l1, True, squared_hinge, True,50,1590,298560,7216,6036,0.18055871,0.20849724600000002,0.19352483,0.592449136
3,2014,2014,1,12,2015,1,1,33, elasticnet, True, squared_hinge, True,50,1389,299290,6486,6237,0.17638095199999998,0.182140047,0.179214244,0.5804642210000001
4,2014,2014,1,12,2015,1,1,33, none, False, squared_hinge, True,50,4064,291764,14012,3562,0.22482850199999999,0.532913716,0.316239981,0.7435446609999999
5,2014,2014,1,12,2015,1,1,33, l2, False, squared_hinge, True,50,4171,294915,10861,3455,0.27747472100000004,0.546944663,0.368170183,0.7557125990000001
6,2014,2014,1,12,2015,1,1,33, l1, False, squared_hinge, True,50,3646,293063,12713,3980,0.222874259,0.47810123299999996,0.304023348,0.7182625229999999
7,2014,2014,1,12,2015,1,1,33, elasticnet, False, squared_hinge, True,50,4176,294311,11465,3450,0.26699060199999997,0.547600315,0.358963339,0.755052774
