test#, training_year_first, training_year_last, training_month_first, training_month_last, testing_year, testing_month_first, testing_month_last, num_features, penalty, fit_intercept, loss, shuffle, num_iter, true_pos, true_neg, false_pos, false_neg, precision, recall, f1-score, AUROC
0, 1993, 2014, 1, 12, 2015, 1, 1, 31, none, True, squared_hinge, True, 50, 1519, 265855, 39921, 6107, 0.036655405405405406, 0.1991869918699187, 0.0619166021277463, 0.5343153184455554
1, 1993, 2014, 1, 12, 2015, 1, 1, 31, l2, True, squared_hinge, True, 50, 1652, 266127, 39649, 5974, 0.03999903150044793, 0.2166273275635982, 0.06752917611952501, 0.5434802563201278
2, 1993, 2014, 1, 12, 2015, 1, 1, 31, l1, True, squared_hinge, True, 50, 2391, 258214, 47562, 5235, 0.0478649930935079, 0.3135326514555468, 0.0830511123847236, 0.578993707863716
3, 1993, 2014, 1, 12, 2015, 1, 1, 31, elasticnet, True, squared_hinge, True, 50, 1732, 268675, 37101, 5894, 0.04460124121237092, 0.22711775504851822, 0.07456036505305753, 0.5528919187047311
4, 1993, 2014, 1, 12, 2015, 1, 1, 31, none, False, squared_hinge, True, 50, 2164, 265021, 40755, 5462, 0.05042055965889233, 0.28376606346708627, 0.08562666930458009, 0.5752411108502822
5, 1993, 2014, 1, 12, 2015, 1, 1, 31, l2, False, squared_hinge, True, 50, 2003, 271741, 34035, 5623, 0.055580220877962154, 0.26265407815368474, 0.09174606082814218, 0.5756735541728605
6, 1993, 2014, 1, 12, 2015, 1, 1, 31, l1, False, squared_hinge, True, 50, 2314, 282654, 23122, 5312, 0.0909734234942601, 0.3034356150013113, 0.13997943258121104, 0.6139090847755235
7, 1993, 2014, 1, 12, 2015, 1, 1, 31, elasticnet, False, squared_hinge, True, 50, 2563, 261050, 44726, 5063, 0.054198650849034656, 0.3360870705481248, 0.09334425930984248, 0.5949082990226888
