test#, training_year_first, training_year_last, training_month_first, training_month_last, testing_year, testing_month_first, testing_month_last, num_features, penalty, fit_intercept, loss, shuffle, num_iter, true_pos, true_neg, false_pos, false_neg, precision, recall, f1-score, AUROC
0, 2013, 2014, 1, 12, 2015, 1, 1, 33, none, True, squared_hinge, True, 50, 1655, 292491, 13285, 5971, 0.1107764390896921, 0.2170207185942827, 0.14668084729238676, 0.5867869408470341
1, 2013, 2014, 1, 12, 2015, 1, 1, 33, l2, True, squared_hinge, True, 50, 1612, 296168, 9608, 6014, 0.14367201426024956, 0.21138211382113822, 0.17107078425129998, 0.589980209754481
2, 2013, 2014, 1, 12, 2015, 1, 1, 33, l1, True, squared_hinge, True, 50, 1810, 295752, 10024, 5816, 0.15294912962649992, 0.23734592184631523, 0.1860226104830421, 0.6022818772540665
3, 2013, 2014, 1, 12, 2015, 1, 1, 33, elasticnet, True, squared_hinge, True, 50, 1677, 296230, 9546, 5949, 0.14942528735632185, 0.21990558615263572, 0.17794047429571866, 0.59434332732361
4, 2013, 2014, 1, 12, 2015, 1, 1, 33, none, False, squared_hinge, True, 50, 2308, 292400, 13376, 5318, 0.147156337668962, 0.3026488329399423, 0.198026598026598, 0.6294521962826446
5, 2013, 2014, 1, 12, 2015, 1, 1, 33, l2, False, squared_hinge, True, 50, 4812, 293179, 12597, 2814, 0.27640875409271065, 0.6309992132179386, 0.3844218094667466, 0.7949011946995977
6, 2013, 2014, 1, 12, 2015, 1, 1, 33, l1, False, squared_hinge, True, 50, 4142, 292674, 13102, 3484, 0.24019948967756902, 0.5431418830317335, 0.333092078809811, 0.7501467617241238
7, 2013, 2014, 1, 12, 2015, 1, 1, 33, elasticnet, False, squared_hinge, True, 50, 2159, 292250, 13526, 5467, 0.13764743385400063, 0.28311041174927876, 0.18523443867701941, 0.6194377080984895
