test#, training_year_first, training_year_last, training_month_first, training_month_last, testing_year, testing_month_first, testing_month_last, num_features, penalty, fit_intercept, loss, shuffle, num_iter, true_pos, true_neg, false_pos, false_neg, precision, recall, f1-score, AUROC
0, 2013, 2014, 1, 12, 2015, 1, 1, 31, none, True, squared_hinge, True, 50, 1525, 263298, 42478, 6101, 0.03465672795036702, 0.1999737739312877, 0.059075325882740316, 0.5305275441787671
1, 2013, 2014, 1, 12, 2015, 1, 1, 31, l2, True, squared_hinge, True, 50, 1093, 267404, 38372, 6533, 0.0276954263271253, 0.14332546551271963, 0.046420759805483006, 0.5089174551675366
2, 2013, 2014, 1, 12, 2015, 1, 1, 31, l1, True, squared_hinge, True, 50, 1040, 262232, 43544, 6586, 0.023326753992463665, 0.13637555730396014, 0.03983911128136373, 0.4969853298005333
3, 2013, 2014, 1, 12, 2015, 1, 1, 31, elasticnet, True, squared_hinge, True, 50, 1065, 270143, 35633, 6561, 0.02902065507657093, 0.13965381589299763, 0.048055229672412235, 0.5115603991295871
4, 2013, 2014, 1, 12, 2015, 1, 1, 31, none, False, squared_hinge, True, 50, 1821, 272137, 33639, 5805, 0.05135363790186125, 0.23878835562549175, 0.0845286171842362, 0.5643882257432571
5, 2013, 2014, 1, 12, 2015, 1, 1, 31, l2, False, squared_hinge, True, 50, 1939, 261456, 44320, 5687, 0.041916167664670656, 0.25426173616574876, 0.07196808017073396, 0.554659516505249
6, 2013, 2014, 1, 12, 2015, 1, 1, 31, l1, False, squared_hinge, True, 50, 1916, 255192, 50584, 5710, 0.036495238095238094, 0.25124573826383423, 0.06373282772843696, 0.5429087254450352
7, 2013, 2014, 1, 12, 2015, 1, 1, 31, elasticnet, False, squared_hinge, True, 50, 1536, 264622, 41154, 6090, 0.0359803232607168, 0.2014162077104642, 0.06105413784879561, 0.5334137445857015
