test#, training_year_first, training_year_last, training_month_first, training_month_last, testing_year, testing_month_first, testing_month_last, num_features, penalty, fit_intercept, loss, shuffle, num_iter, true_pos, true_neg, false_pos, false_neg, precision, recall, f1-score, AUROC
0, 1993, 2014, 1, 12, 2015, 1, 1, 29, none, True, squared_hinge, True, 50, 1918, 295480, 10296, 5708, 0.15703291305059766, 0.25150799895095727, 0.19334677419354837, 0.6089181457786548
1, 1993, 2014, 1, 12, 2015, 1, 1, 29, l2, True, squared_hinge, True, 50, 1858, 293080, 12696, 5768, 0.12766249828225917, 0.24364017833726725, 0.16753832281334535, 0.6010597940506388
2, 1993, 2014, 1, 12, 2015, 1, 1, 29, l1, True, squared_hinge, True, 50, 1756, 293248, 12528, 5870, 0.12293475217026043, 0.23026488329399422, 0.16029210406207212, 0.5946468574284842
3, 1993, 2014, 1, 12, 2015, 1, 1, 29, elasticnet, True, squared_hinge, True, 50, 2006, 294526, 11250, 5620, 0.15132770066385035, 0.2630474691843693, 0.1921271908820994, 0.6131279154304453
4, 1993, 2014, 1, 12, 2015, 1, 1, 29, none, False, squared_hinge, True, 50, 3972, 292923, 12853, 3654, 0.2360772659732541, 0.5208497246262785, 0.3248946873338514, 0.7394078433188429
5, 1993, 2014, 1, 12, 2015, 1, 1, 29, l2, False, squared_hinge, True, 50, 2006, 293672, 12104, 5620, 0.14216867469879518, 0.2630474691843693, 0.18457857931542143, 0.6117314683580787
6, 1993, 2014, 1, 12, 2015, 1, 1, 29, l1, False, squared_hinge, True, 50, 4040, 294037, 11739, 3586, 0.2560365042144623, 0.5297665879884605, 0.34522537919248025, 0.7456878698929273
7, 1993, 2014, 1, 12, 2015, 1, 1, 29, elasticnet, False, squared_hinge, True, 50, 1939, 292798, 12978, 5687, 0.1299859221022994, 0.25426173616574876, 0.17202679323958656, 0.605909451097892
