test#, training_year_first, training_year_last, training_month_first, training_month_last, testing_year, testing_month_first, testing_month_last,num_features, penalty, fit_intercept, loss, shuffle, num_iter, true_pos, true_neg, false_pos, false_neg, precision, recall, f1-score, AUROC
0,2014,2014,1,12,2015,1,1,31, none, True, squared_hinge, True,50,1302,285467,20309,6324,0.060247095999999986,0.17073170699999998,0.089065226,0.552156903
1,2014,2014,1,12,2015,1,1,31, l2, True, squared_hinge, True,50,1077,292590,13186,6549,0.07551006099999999,0.14122738,0.09840559199999999,0.549052155
2,2014,2014,1,12,2015,1,1,31, l1, True, squared_hinge, True,50,1337,288387,17389,6289,0.071398056,0.17532126899999995,0.101472374,0.559226421
3,2014,2014,1,12,2015,1,1,31, elasticnet, True, squared_hinge, True,50,1079,290323,15453,6547,0.06526736,0.141489641,0.08932858699999999,0.5454763229999999
4,2014,2014,1,12,2015,1,1,31, none, False, squared_hinge, True,50,1363,282411,23365,6263,0.055119702,0.17873065800000001,0.08425542400000001,0.551159257
5,2014,2014,1,12,2015,1,1,31, l2, False, squared_hinge, True,50,1276,290693,15083,6350,0.077999878,0.167322318,0.10639983300000001,0.55899768
6,2014,2014,1,12,2015,1,1,31, l1, False, squared_hinge, True,50,1319,286609,19167,6307,0.064385434,0.17296092300000002,0.09383893,0.555138891
7,2014,2014,1,12,2015,1,1,31, elasticnet, False, squared_hinge, True,50,1480,286151,19625,6146,0.070125563,0.19407290800000002,0.103024608,0.56494597
