test#, training_year_first, training_year_last, training_month_first, training_month_last, testing_year, testing_month_first, testing_month_last, num_features, penalty, fit_intercept, loss, shuffle, num_iter, true_pos, true_neg, false_pos, false_neg, precision, recall, f1-score, AUROC
0, 2013, 2014, 1, 12, 2015, 1, 1, 33, none, True, squared_hinge, True, 50, 1775, 296329, 9447, 5851, 0.15817144893958296, 0.23275635982166273, 0.18834889643463498, 0.6009305973667467
1, 2013, 2014, 1, 12, 2015, 1, 1, 33, l2, True, squared_hinge, True, 50, 1689, 296622, 9154, 5937, 0.15576869869962187, 0.2214791502753737, 0.18290107748118467, 0.5957711014837702
2, 2013, 2014, 1, 12, 2015, 1, 1, 33, l1, True, squared_hinge, True, 50, 1634, 298216, 7560, 5992, 0.1777246030019578, 0.2142669813794912, 0.19429250891795483, 0.5947715002130568
3, 2013, 2014, 1, 12, 2015, 1, 1, 33, elasticnet, True, squared_hinge, True, 50, 1764, 296451, 9325, 5862, 0.1590765623590946, 0.23131392604248624, 0.18851188885920384, 0.6004088729160681
4, 2013, 2014, 1, 12, 2015, 1, 1, 33, none, False, squared_hinge, True, 50, 4280, 293100, 12676, 3346, 0.2524180231186601, 0.5612378704432206, 0.3482222764624522, 0.7598913437821252
5, 2013, 2014, 1, 12, 2015, 1, 1, 33, l2, False, squared_hinge, True, 50, 4168, 296091, 9685, 3458, 0.3008734570129214, 0.5465512719643325, 0.38810000465571026, 0.7574388796638155
6, 2013, 2014, 1, 12, 2015, 1, 1, 33, l1, False, squared_hinge, True, 50, 1995, 294969, 10807, 5631, 0.1558350257772223, 0.26160503540519275, 0.19532014881535145, 0.6131310850198483
7, 2013, 2014, 1, 12, 2015, 1, 1, 33, elasticnet, False, squared_hinge, True, 50, 2094, 294122, 11654, 5532, 0.15231306371835904, 0.2745869394177813, 0.1959389912978385, 0.6182370362412543
