test#, training_year_first, training_year_last, training_month_first, training_month_last, testing_year, testing_month_first, testing_month_last,num_features, penalty, fit_intercept, loss, shuffle, num_iter, true_pos, true_neg, false_pos, false_neg, precision, recall, f1-score, AUROC
0,2014,2014,1,12,2015,1,1,27, none, True, squared_hinge, True,50,1150,290865,14911,6476,0.071602017,0.150799895,0.097099675,0.55101772
1,2014,2014,1,12,2015,1,1,27, l2, True, squared_hinge, True,50,996,293140,12636,6630,0.07306338,0.13060582199999998,0.09370589900000001,0.544640727
2,2014,2014,1,12,2015,1,1,27, l1, True, squared_hinge, True,50,1440,283109,22667,6186,0.059733687,0.188827695,0.090757256,0.557349133
3,2014,2014,1,12,2015,1,1,27, elasticnet, True, squared_hinge, True,50,1126,290684,15092,6500,0.069429029,0.147652767,0.09444724,0.549148188
4,2014,2014,1,12,2015,1,1,27, none, False, squared_hinge, True,50,1191,288655,17121,6435,0.065039318,0.156176239,0.09183437400000001,0.5500921360000001
5,2014,2014,1,12,2015,1,1,27, l2, False, squared_hinge, True,50,1333,287668,18108,6293,0.068566432,0.174796748,0.09849632400000001,0.557788463
6,2014,2014,1,12,2015,1,1,27, l1, False, squared_hinge, True,50,1363,284825,20951,6263,0.061082727999999996,0.17873065800000001,0.091048764,0.555106591
7,2014,2014,1,12,2015,1,1,27, elasticnet, False, squared_hinge, True,50,1232,285957,19819,6394,0.058524535999999995,0.161552583,0.08592251599999999,0.548368581
