test#, training_year_first, training_year_last, training_month_first, training_month_last, testing_year, testing_month_first, testing_month_last, num_features, penalty, fit_intercept, loss, shuffle, num_iter, true_pos, true_neg, false_pos, false_neg, precision, recall, f1-score, AUROC
0, 1993, 2014, 1, 12, 2015, 1, 1, 29, none, True, squared_hinge, True, 50, 1881, 295337, 10439, 5745, 0.15267857142857144, 0.24665617623918173, 0.18860924496139575, 0.6062584031214222
1, 1993, 2014, 1, 12, 2015, 1, 1, 29, l2, True, squared_hinge, True, 50, 1862, 294620, 11156, 5764, 0.14303272392072516, 0.24416469971151325, 0.18039139701608214, 0.6038402379830131
2, 1993, 2014, 1, 12, 2015, 1, 1, 29, l1, True, squared_hinge, True, 50, 1675, 293354, 12422, 5951, 0.11881960700858339, 0.2196433254655127, 0.15421442710491184, 0.5895094080103452
3, 1993, 2014, 1, 12, 2015, 1, 1, 29, elasticnet, True, squared_hinge, True, 50, 1864, 293770, 12006, 5762, 0.13439077144917086, 0.24442696039863623, 0.1734276144398958, 0.6025814619899099
4, 1993, 2014, 1, 12, 2015, 1, 1, 29, none, False, squared_hinge, True, 50, 2294, 291709, 14067, 5332, 0.14021147851598312, 0.3008130081300813, 0.1912702713970067, 0.6274043717852018
5, 1993, 2014, 1, 12, 2015, 1, 1, 29, l2, False, squared_hinge, True, 50, 2225, 291627, 14149, 5401, 0.1358861609869305, 0.2917650144243378, 0.18541666666666662, 0.62274628985044
6, 1993, 2014, 1, 12, 2015, 1, 1, 29, l1, False, squared_hinge, True, 50, 4212, 293394, 12382, 3414, 0.2538266843437387, 0.5523210070810386, 0.3478117258464079, 0.7559136561751276
7, 1993, 2014, 1, 12, 2015, 1, 1, 29, elasticnet, False, squared_hinge, True, 50, 1989, 294152, 11624, 5637, 0.14611033570851392, 0.26081825334382375, 0.18729695371721836, 0.61140174872204
