test#, training_year_first, training_year_last, training_month_first, training_month_last, testing_year, testing_month_first, testing_month_last,num_features, penalty, fit_intercept, loss, shuffle, num_iter, true_pos, true_neg, false_pos, false_neg, precision, recall, f1-score, AUROC
0,2013,2014,1,12,2015,1,1,27, none, True, squared_hinge, True,50,1096,287601,18175,6530,0.05687302163873177,0.14371885654340413,0.0814960776294754,0.5421399604259587
1,2013,2014,1,12,2015,1,1,27, l2, True, squared_hinge, True,50,1139,266064,39712,6487,0.02788181439866833,0.14935746131654865,0.04699135672587002,0.5097423066092973
2,2013,2014,1,12,2015,1,1,27, l1, True, squared_hinge, True,50,997,262180,43596,6629,0.022357769156594084,0.13073695253081566,0.03818533483980927,0.4940809978498357
3,2013,2014,1,12,2015,1,1,27, elasticnet, True, squared_hinge, True,50,1096,267846,37930,6530,0.028083841541536408,0.14371885654340413,0.04698619566149362,0.5098369019779446
4,2013,2014,1,12,2015,1,1,27, none, False, squared_hinge, True,50,2381,218557,87219,5245,0.02657366071428572,0.3122213480199318,0.04897866825746199,0.5134915672128334
5,2013,2014,1,12,2015,1,1,27, l2, False, squared_hinge, True,50,1600,259101,46675,6026,0.033143448990160536,0.2098085496984002,0.05724405645695067,0.5285820651270505
6,2013,2014,1,12,2015,1,1,27, l1, False, squared_hinge, True,50,1568,291514,14262,6058,0.09905243209096652,0.20561237870443225,0.13369713506139155,0.5794851962069071
7,2013,2014,1,12,2015,1,1,27, elasticnet, False, squared_hinge, True,50,2232,258167,47609,5394,0.044782408057623235,0.2926829268292683,0.07767936380879463,0.5684919919060789
