test#, training_year_first, training_year_last, training_month_first, training_month_last, testing_year, testing_month_first, testing_month_last, num_features, penalty, fit_intercept, loss, shuffle, num_iter, true_pos, true_neg, false_pos, false_neg, precision, recall, f1-score, AUROC
0, 1993, 2014, 1, 12, 2015, 1, 1, 33, none, True, squared_hinge, True, 50, 1761, 293277, 12499, 5865, 0.12349228611500701, 0.23092053501180174, 0.16092479210454172, 0.5950221036212272
1, 1993, 2014, 1, 12, 2015, 1, 1, 33, l2, True, squared_hinge, True, 50, 1695, 293782, 11994, 5931, 0.12382204689896997, 0.22226593233674272, 0.15904292751583393, 0.591520570166069
2, 1993, 2014, 1, 12, 2015, 1, 1, 33, l1, True, squared_hinge, True, 50, 1776, 295935, 9841, 5850, 0.1528794008780236, 0.23288749016522423, 0.18458660292054255, 0.6003519000718853
3, 1993, 2014, 1, 12, 2015, 1, 1, 33, elasticnet, True, squared_hinge, True, 50, 1894, 295358, 10418, 5732, 0.15383365821962314, 0.24836087070548124, 0.18998896579396127, 0.6071450892170073
4, 1993, 2014, 1, 12, 2015, 1, 1, 33, none, False, squared_hinge, True, 50, 2139, 290590, 15186, 5487, 0.12346320346320347, 0.2804878048780488, 0.17145605386557652, 0.6154119993465644
5, 1993, 2014, 1, 12, 2015, 1, 1, 33, l2, False, squared_hinge, True, 50, 4054, 292504, 13272, 3572, 0.23398360844972874, 0.5316024127983215, 0.32494389227316445, 0.7440990453400849
6, 1993, 2014, 1, 12, 2015, 1, 1, 33, l1, False, squared_hinge, True, 50, 4128, 289117, 16659, 3498, 0.1985856544955982, 0.5413060582218725, 0.2905712174004857, 0.7434125000962326
7, 1993, 2014, 1, 12, 2015, 1, 1, 33, elasticnet, False, squared_hinge, True, 50, 2242, 293529, 12247, 5384, 0.15473807716198495, 0.2939942302648833, 0.20275830884015375, 0.6269710175969908
