test#, training_year_first, training_year_last, training_month_first, training_month_last, testing_year, testing_month_first, testing_month_last, num_features, penalty, fit_intercept, loss, shuffle, num_iter, true_pos, true_neg, false_pos, false_neg, precision, recall, f1-score, AUROC
0, 1993, 2014, 1, 12, 2015, 1, 1, 27, none, True, squared_hinge, True, 50, 1142, 283592, 22184, 6484, 0.048958244019549, 0.14975085234723315, 0.07379167743602998, 0.5386005059705921
1, 1993, 2014, 1, 12, 2015, 1, 1, 27, l2, True, squared_hinge, True, 50, 1875, 257683, 48093, 5751, 0.0375240153698367, 0.24586939417781276, 0.06511094905719345, 0.5442937965604149
2, 1993, 2014, 1, 12, 2015, 1, 1, 27, l1, True, squared_hinge, True, 50, 1436, 266947, 38829, 6190, 0.03566372780330312, 0.18830317335431418, 0.05996951410494665, 0.5306590300343859
3, 1993, 2014, 1, 12, 2015, 1, 1, 27, elasticnet, True, squared_hinge, True, 50, 2102, 258396, 47380, 5524, 0.04248009377147245, 0.2756359821662733, 0.07361490509210619, 0.560342976693518
4, 1993, 2014, 1, 12, 2015, 1, 1, 27, none, False, squared_hinge, True, 50, 1662, 253258, 52518, 5964, 0.030675526024363235, 0.2179386309992132, 0.05378118629259295, 0.5230927261008311
5, 1993, 2014, 1, 12, 2015, 1, 1, 27, l2, False, squared_hinge, True, 50, 1454, 270297, 35479, 6172, 0.03936858635908266, 0.1906635195384212, 0.06526178774209475, 0.537317069276824
6, 1993, 2014, 1, 12, 2015, 1, 1, 27, l1, False, squared_hinge, True, 50, 2611, 254951, 50825, 5015, 0.04886219028370387, 0.34238132703907687, 0.08551963578002686, 0.5880824405066138
7, 1993, 2014, 1, 12, 2015, 1, 1, 27, elasticnet, False, squared_hinge, True, 50, 2496, 253861, 51915, 5130, 0.045873077135138114, 0.32730133752950435, 0.08046810774215388, 0.5787600952730458
