test#, training_year_first, training_year_last, training_month_first, training_month_last, testing_year, testing_month_first, testing_month_last,num_features, penalty, fit_intercept, loss, shuffle, num_iter, true_pos, true_neg, false_pos, false_neg, precision, recall, f1-score, AUROC
0,2014,2014,12,12,2015,1,1,27, none, True, squared_hinge, True,50,1408,284151,21625,6218,0.06112968349759041,0.18463152373459216,0.09184904921882643,0.5569549094786194
1,2014,2014,12,12,2015,1,1,27, l2, True, squared_hinge, True,50,1292,291411,14365,6334,0.08251900108577633,0.16942040388145818,0.11098226173603057,0.5612207848510948
2,2014,2014,12,12,2015,1,1,27, l1, True, squared_hinge, True,50,1306,290111,15665,6320,0.07695480525602498,0.17125622869131918,0.10619181200959467,0.5600129581528911
3,2014,2014,12,12,2015,1,1,27, elasticnet, True, squared_hinge, True,50,1239,292172,13604,6387,0.08347369130229737,0.16247049567269867,0.11028528194401176,0.5589902057140115
4,2014,2014,12,12,2015,1,1,27, none, False, squared_hinge, True,50,1705,285598,20178,5921,0.07791436274733812,0.22357723577235766,0.11555796536649834,0.5787938766376833
5,2014,2014,12,12,2015,1,1,27, l2, False, squared_hinge, True,50,1424,288075,17701,6202,0.07445751633986929,0.1867296092315762,0.10646330978281188,0.5644204139507262
6,2014,2014,12,12,2015,1,1,27, l1, False, squared_hinge, True,50,1503,282431,23345,6123,0.06048776561493883,0.1970889063729347,0.09256636078093244,0.5603710844459514
7,2014,2014,12,12,2015,1,1,27, elasticnet, False, squared_hinge, True,50,1645,283964,21812,5981,0.07012831990450613,0.2157094151586677,0.10584563909532542,0.572188075796591
