test#, training_year_first, training_year_last, training_month_first, training_month_last, testing_year, testing_month_first, testing_month_last,num_features, penalty, fit_intercept, loss, shuffle, num_iter, true_pos, true_neg, false_pos, false_neg, precision, recall, f1-score, AUROC
0,2014,2014,7,12,2015,1,1,29, none, True, squared_hinge, True,50,3602,297185,8591,4024,0.29541540227999674,0.4723314975085235,0.3634895807053838,0.7221178836503949
1,2014,2014,7,12,2015,1,1,29, l2, True, squared_hinge, True,50,3693,298236,7540,3933,0.3287634647912401,0.48426435877262,0.3916432472559521,0.729802892588131
2,2014,2014,7,12,2015,1,1,29, l1, True, squared_hinge, True,50,3545,298723,7053,4081,0.3344970749197962,0.464857067925518,0.3890474100087796,0.7208955817362925
3,2014,2014,7,12,2015,1,1,29, elasticnet, True, squared_hinge, True,50,1563,298462,7314,6063,0.17607299763433593,0.2049567269866247,0.1894201054353754,0.5905186282622936
4,2014,2014,7,12,2015,1,1,29, none, False, squared_hinge, True,50,3835,294558,11218,3791,0.2547664917292234,0.5028848675583529,0.3381983332598439,0.7330989405030528
5,2014,2014,7,12,2015,1,1,29, l2, False, squared_hinge, True,50,4005,295995,9781,3621,0.2905121137385754,0.525177025963808,0.3740892957220251,0.7465947790067065
6,2014,2014,7,12,2015,1,1,29, l1, False, squared_hinge, True,50,3806,295123,10653,3820,0.26322705581298844,0.4990820875950695,0.3446683269187231,0.7321214294393117
7,2014,2014,7,12,2015,1,1,29, elasticnet, False, squared_hinge, True,50,1998,296879,8897,5628,0.1833868747131712,0.2619984264358773,0.2157550888180984,0.6164509818328724
