test#, training_year_first, training_year_last, training_month_first, training_month_last, testing_year, testing_month_first, testing_month_last,num_features, penalty, fit_intercept, loss, shuffle, num_iter, true_pos, true_neg, false_pos, false_neg, precision, recall, f1-score, AUROC
0,2014,2014,1,12,2015,1,1,27, none, True, squared_hinge, True,50,1361,287896,17880,6265,0.070734369,0.178468398,0.10131387900000001,0.55999711
1,2014,2014,1,12,2015,1,1,27, l2, True, squared_hinge, True,50,841,290346,15430,6785,0.051687051,0.11028061900000001,0.070385404,0.529909421
2,2014,2014,1,12,2015,1,1,27, l1, True, squared_hinge, True,50,1324,288913,16863,6302,0.07279925200000001,0.173616575,0.102583969,0.559234181
3,2014,2014,1,12,2015,1,1,27, elasticnet, True, squared_hinge, True,50,825,290667,15109,6801,0.051776076,0.10818253300000001,0.070033956,0.5293852729999999
4,2014,2014,1,12,2015,1,1,27, none, False, squared_hinge, True,50,1357,278656,27120,6269,0.047652491,0.17794387600000006,0.075173808,0.54462575
5,2014,2014,1,12,2015,1,1,27, l2, False, squared_hinge, True,50,1286,286099,19677,6340,0.061346181,0.16863362199999998,0.089964672,0.552141297
6,2014,2014,1,12,2015,1,1,27, l1, False, squared_hinge, True,50,1387,287628,18148,6239,0.07100076799999999,0.18187778699999999,0.102131733,0.561263575
7,2014,2014,1,12,2015,1,1,27, elasticnet, False, squared_hinge, True,50,1234,287764,18012,6392,0.064117219,0.161814844,0.09184281,0.5514544889999999
