test#, training_year_first, training_year_last, training_month_first, training_month_last, testing_year, testing_month_first, testing_month_last, num_features, penalty, fit_intercept, loss, shuffle, num_iter, true_pos, true_neg, false_pos, false_neg, precision, recall, f1-score, AUROC
0, 2013, 2014, 1, 12, 2015, 1, 1, 29, none, True, squared_hinge, True, 50, 1793, 295371, 10405, 5833, 0.146991310050828, 0.23511670600576973, 0.1808918482647296, 0.6005442642581829
1, 2013, 2014, 1, 12, 2015, 1, 1, 29, l2, True, squared_hinge, True, 50, 1624, 296856, 8920, 6002, 0.15402124430955993, 0.2129556779438762, 0.1787561915244909, 0.5918919983565857
2, 2013, 2014, 1, 12, 2015, 1, 1, 29, l1, True, squared_hinge, True, 50, 1633, 295494, 10282, 5993, 0.1370541334452371, 0.21413585103592972, 0.16713576582569983, 0.5902549643960979
3, 2013, 2014, 1, 12, 2015, 1, 1, 29, elasticnet, True, squared_hinge, True, 50, 1595, 296523, 9253, 6031, 0.14703171091445427, 0.20915289798059272, 0.1726751109667641, 0.5894460921277566
4, 2013, 2014, 1, 12, 2015, 1, 1, 29, none, False, squared_hinge, True, 50, 4516, 292689, 13087, 3110, 0.25654717945804695, 0.5921846315237346, 0.3580007134646637, 0.7746926637290067
5, 2013, 2014, 1, 12, 2015, 1, 1, 29, l2, False, squared_hinge, True, 50, 2112, 292864, 12912, 5514, 0.14057507987220447, 0.2769472856018883, 0.18649006622516556, 0.6173601479550439
6, 2013, 2014, 1, 12, 2015, 1, 1, 29, l1, False, squared_hinge, True, 50, 2045, 293384, 12392, 5581, 0.1416499272702085, 0.2681615525832678, 0.1853782350541631, 0.6138175770869874
7, 2013, 2014, 1, 12, 2015, 1, 1, 29, elasticnet, False, squared_hinge, True, 50, 2071, 292356, 13420, 5555, 0.13369052998515266, 0.27157094151586675, 0.17917549855085, 0.6138413024778853
