test#, training_year_first, training_year_last, training_month_first, training_month_last, testing_year, testing_month_first, testing_month_last, num_features, penalty, fit_intercept, loss, shuffle, num_iter, true_pos, true_neg, false_pos, false_neg, precision, recall, f1-score, AUROC
0, 1993, 2014, 1, 12, 2015, 1, 1, 31, none, True, squared_hinge, True, 50, 1794, 268266, 37510, 5832, 0.04564420924078974, 0.23524783634933125, 0.07645429362880886, 0.5562881691296131
1, 1993, 2014, 1, 12, 2015, 1, 1, 31, l2, True, squared_hinge, True, 50, 1627, 267091, 38685, 5999, 0.04036019051399087, 0.2133490689745607, 0.0678793441528641, 0.5434174443297795
2, 1993, 2014, 1, 12, 2015, 1, 1, 31, l1, True, squared_hinge, True, 50, 2285, 251514, 54262, 5341, 0.04040886342334695, 0.2996328350380278, 0.07121375033113615, 0.5610880673541873
3, 1993, 2014, 1, 12, 2015, 1, 1, 31, elasticnet, True, squared_hinge, True, 50, 2020, 257732, 48044, 5606, 0.04034835410674337, 0.2648832939942303, 0.07002946784538047, 0.5538808704809727
4, 1993, 2014, 1, 12, 2015, 1, 1, 31, none, False, squared_hinge, True, 50, 2191, 269595, 36181, 5435, 0.05709892630042739, 0.2873065827432468, 0.0952650115222401, 0.5844907017635442
5, 1993, 2014, 1, 12, 2015, 1, 1, 31, l2, False, squared_hinge, True, 50, 1741, 264245, 41531, 5885, 0.040233869476797926, 0.22829792814057173, 0.06841133246885928, 0.5462381404608463
6, 1993, 2014, 1, 12, 2015, 1, 1, 31, l1, False, squared_hinge, True, 50, 1898, 261727, 44049, 5728, 0.04130846409994124, 0.24888539207972724, 0.07085658820674594, 0.5524144793060454
7, 1993, 2014, 1, 12, 2015, 1, 1, 31, elasticnet, False, squared_hinge, True, 50, 2590, 256288, 49488, 5036, 0.04973309266868928, 0.3396275898242853, 0.08676135602304702, 0.5888918128075955
