test#, training_year_first, training_year_last, training_month_first, training_month_last, testing_year, testing_month_first, testing_month_last,num_features, penalty, fit_intercept, loss, shuffle, num_iter, true_pos, true_neg, false_pos, false_neg, precision, recall, f1-score, AUROC
0,2014,2014,12,12,2015,1,1,27, none, True, squared_hinge, True,50,1478,287817,17959,6148,0.07604054123578742,0.1938106477838972,0.10922661936961904,0.5675390557741107
1,2014,2014,12,12,2015,1,1,27, l2, True, squared_hinge, True,50,1279,287121,18655,6347,0.06416173372128023,0.16771570941515868,0.0928156748911466,0.5533534985776019
2,2014,2014,12,12,2015,1,1,27, l1, True, squared_hinge, True,50,1345,289776,16000,6281,0.07754396079561833,0.17637031209021767,0.10772496095470743,0.5620222132373018
3,2014,2014,12,12,2015,1,1,27, elasticnet, True, squared_hinge, True,50,1245,289012,16764,6381,0.0691321006163585,0.16325727773406767,0.09713282621416032,0.5542164155401539
4,2014,2014,12,12,2015,1,1,27, none, False, squared_hinge, True,50,1667,282887,22889,5959,0.06788564912852256,0.21859428271702072,0.10359828475545337,0.5718694164880169
5,2014,2014,12,12,2015,1,1,27, l2, False, squared_hinge, True,50,1320,290412,15364,6306,0.07911771757372332,0.17309205350118018,0.10859728506787328,0.5614230609193934
6,2014,2014,12,12,2015,1,1,27, l1, False, squared_hinge, True,50,1541,282891,22885,6085,0.06308851224105462,0.2020718594282717,0.09615624610008736,0.5636147455793444
7,2014,2014,12,12,2015,1,1,27, elasticnet, False, squared_hinge, True,50,1713,286248,19528,5913,0.08064592062520598,0.22462627852084974,0.1186822323067863,0.5803812675634964
