test#, training_year_first, training_year_last, training_month_first, training_month_last, testing_year, testing_month_first, testing_month_last,num_features, penalty, fit_intercept, loss, shuffle, num_iter, true_pos, true_neg, false_pos, false_neg, precision, recall, f1-score, AUROC
0,2014,2014,1,12,2015,1,1,29, none, True, squared_hinge, True,50,1480,297057,8719,6146,0.145112266,0.19407290800000002,0.166058906,0.5827792860000001
1,2014,2014,1,12,2015,1,1,29, l2, True, squared_hinge, True,50,1568,298685,7091,6058,0.18108326600000002,0.20561237899999998,0.19256985,0.5912111
2,2014,2014,1,12,2015,1,1,29, l1, True, squared_hinge, True,50,3647,298227,7549,3979,0.325741336,0.478232363,0.387525236,0.7267721779999999
3,2014,2014,1,12,2015,1,1,29, elasticnet, True, squared_hinge, True,50,3819,297864,7912,3807,0.325547694,0.500786782,0.39458593799999997,0.737455816
4,2014,2014,1,12,2015,1,1,29, none, False, squared_hinge, True,50,4166,292072,13704,3460,0.233128148,0.546289011,0.32679636,0.750735945
5,2014,2014,1,12,2015,1,1,29, l2, False, squared_hinge, True,50,4080,296102,9674,3546,0.296640977,0.535011802,0.381665108,0.751687132
6,2014,2014,1,12,2015,1,1,29, l1, False, squared_hinge, True,50,3955,296289,9487,3671,0.29422705,0.518620509,0.375450921,0.743797264
7,2014,2014,1,12,2015,1,1,29, elasticnet, False, squared_hinge, True,50,1927,296349,9427,5699,0.169719922,0.252688172,0.203055848,0.6109292070000001
