test#, training_year_first, training_year_last, training_month_first, training_month_last, testing_year, testing_month_first, testing_month_last,num_features, penalty, fit_intercept, loss, shuffle, num_iter, true_pos, true_neg, false_pos, false_neg, precision, recall, f1-score, AUROC
0,2014,2014,1,12,2015,1,1,31, none, True, squared_hinge, True,50,1341,287897,17879,6285,0.069771072,0.175845791,0.099903151,0.558687442
1,2014,2014,1,12,2015,1,1,31, l2, True, squared_hinge, True,50,992,289814,15962,6634,0.058511266,0.13008130099999998,0.08071602900000001,0.538939845
2,2014,2014,1,12,2015,1,1,31, l1, True, squared_hinge, True,50,1236,292323,13453,6390,0.084144598,0.162077105,0.110777504,0.559040423
3,2014,2014,1,12,2015,1,1,31, elasticnet, True, squared_hinge, True,50,804,290919,14857,6822,0.051337718,0.10542879599999999,0.069051402,0.528420471
4,2014,2014,1,12,2015,1,1,31, none, False, squared_hinge, True,50,1318,283812,21964,6308,0.056610257000000004,0.172829793,0.085285363,0.550499717
5,2014,2014,1,12,2015,1,1,31, l2, False, squared_hinge, True,50,1121,292146,13630,6505,0.075994848,0.146997115,0.10019216199999999,0.551211001
6,2014,2014,1,12,2015,1,1,31, l1, False, squared_hinge, True,50,1399,281103,24673,6227,0.053659097999999995,0.183451351,0.083031634,0.5513807820000001
7,2014,2014,1,12,2015,1,1,31, elasticnet, False, squared_hinge, True,50,1231,288956,16820,6395,0.068195668,0.16142145300000002,0.095883475,0.553206933
