time(%-of-session),avg_commits
0,3.809671545352195
15,1.0480110906044549
30,0.9444023916242122
45,0.9057621813790112
60,0.9158134669195506
75,1.07982003282955
90,4.095559505685636
